Produto,Referência,Preço venda,Preço revenda,Quantidade,Codigo de barras
GARRAFA TÉRMICA CUP-12091,CUP-12091,35,55,0,7899085713607
A-5681 MINI STUDIO FOTOGRAFICO PEQUENO,A5681 PEQUENO,75,100,0,1100000019718
CAIXA DE FERRAMENTAS C/10 PEÇAS LE-1992,LE-1992,75,110,0,7908125203715
FECHADURAS PARA BICICLETAS KA-5708,KA-5708,37,55,0,7897700057082
KA-1973 ARMA DE FOGO OU MASSARICO,KA-1973,15,25,0,7897705284056
WU-052 GARRAFA TERMICA,WU-052,32,45,0,7898070366736
LE-5108 GARRAFA TERMICA INFANTIL,LE-5108,50,70,0,7898202208118
KA-1039 MINI LASER DE PALCO,KA-1039,55,80,0,7897717510396
COPO TÉRMICO FOSCO SEM NOME CUP-888,CUP-888,20,30,0,7899085593827
GB-820 FASCIAL GUN PISTOLA DE MASSAGEM,GB-820,90,130,0,7897722818128
CAR-3303C CARREGADOR 5.1 INOVA,CAR-3303C,11,25,0,7899085712020
CBO-7572 - CABO USB DE CAIXINHA,CBO-7572,5.5,10,0,7899085486945
FON-20387 FONE DE OUVIDO,FON-20387,50,80,0,7899085713904
FON-20417 - FONE DE OUVIDO,BA-FON-20417,40,65,0,7899085713133
CBO-9853 CABO USB DE SAQUINHO,CBO-9853,3,8,0,7893595556341
KV-257 CABO DE SAQUINHO IPHONE,KV-257,3.5,8,0,7898070364688
LCD-800 SUPORTE PARA TV LCD/LED LCD-800,LCD-800,11,20,0,7890056778007
LM-2572 GARRAFA MIX DE SHAKE,LM-2572,12,25,0,6934208020222
HD-3003 ANTENA HD DE TV DIGITAL,HD-3003,13,25,0,7819123686892
FA-1005 GARRAFA REFRIGERADA 600 ML,FA-1005,7,10,0,1000000554212
KA-8960 - CAIXA DE SOM COM MICROFONE KAPBOM,KA-8960,150,250,0,7897782889601
PACOTE DE LIMPA TELA,LIMPA TELA,20,0,0,1000000583212
BÓIA BANANA FLUTUANTE,#43195,60,120,0,6942138937954
BOIA ABACAXI COLEÇÃO SALADA DE FRUTAS,#43194,60,120,0,6942138921748
BOIA FORMATO DE CHINELO SUMMER ENJOY,37433,60,120,0,6920388642156
BOIA FORMATO PIRULITO SUMMER ENJOY,37423,60,120,0,6920388642057
,,,,,
Produto,Referência,Preço venda,Preço revenda,Qtde,Cód. barras
BOIA FORMATO TUCANO SUMMER ENJOY,37451,60,120,0,6920388643009
PEI-286/TPC CARREGADOR 6.2A TIPO C PEINING,PEI-286-3 TPC,15,30,0,7893008812354
B-19 - FONE DE OUVIDO BLUETOOTH PARA JOGOS MULTIUSO,B-19,50,75,0,7898800002194
SK-230336 - KIT TALHERES AÇO INOX/PLAST ELBA C/25 PEÇAS ROSA,SK-230336,28,45,0,7908224348157
SK-230335 - KIT TALHERES AÇO INOX/PLAST ELBA C/25 PEÇAS AZUL,SK-230335,28,45,0,7908224348140
SK-230334 - KIT TALHERES AÇO INOX/PLAST ELBA C/25 PEÇAS AMARELO,SK-230334,28,45,0,7908224348133
G-7095 - KIT DE TALHERES 22X13CM 24 PEÇAS,G-7095,30,45,0,7908224314299
TAB-26096 - TÁBUA PLÁSTICA P/CORTE,TAB-26096,12,20,0,7908224346931
TAB-26094 - TÁBUA PLÁSTICA P/ CORTE,TAB-26094,12,20,0,7908224346917
RAD-8675 - CAIXA DE SOM PORTÁTIL SEM FIO,RAD-8675,25,40,0,7908346275850
RAD-20154 - MINI RÁDIO RESISTENTE Á AGUA,RAD-20154,40,60,0,7899085711832
RAD-9028 - MINI CAIXA DE SOM PORTÁTIL INOVA,RAD-9028,27,50,0,7908346225312
KA-8655 - CAIXA DE SOM KAPBOM,KA-8655,55,85,0,7897723586552
A-1705T - RADIO ALTOMEX,A-1705T,50,85,0,8878920207050
BWB-005 - GARRAFA TÉRMICA C/ 3 XÍCARAS FLASK SET,BWB-005,25,40,0,1000000766158
RAD-8664 - RADIO INOVA,RAD-8664,40,65,0,7908346275744
"A0686 - LOUSA MÁGICA 8.5""",A0686,13,25,0,7908575500686
PEI-P611 - FONE DE OUVIDO BLUETOOTH PEINING,PEI-P611,28,45,0,2022120746871
MD-12257 - ALTO FALANTE PORTÁTIL SEM FIO,MD-12257,220,350,0,7893095422344
MD-12269 - CAIXA DE SOM BLUETOOTH ALTO FALANTE MULTIMÍDIA,MD-12269,110,170,0,7893095421767
CA-3117-FONTE CARREGADOR COM 2 PORTAS USB,CAR-3117F FONTE 3.1A,8.5,15,0,7899085126933
CAR-5062A-I6 3.1A CARREGADOR RÁPIDO DE IPHONE CABO PRESO,CAR-5062A-I6 3.1A,10,20,0,7899085124618
MD-12279 CONJUNTO DE UTENSÍLIOS DE SILICONE,MD-12279,60,95,0,7893095416657
KA-7067 MARMITA COM TALHERES,KA-7067,25,35,0,7897712763919
FON-670 - FONE DE OUVIDO BLUETOOTH INOVA,FON-670,50,80,0,6925281988325
MKL-CAR-3117-A 3.1A CARREGADOR I6 CAIXA COLORIDA,MKL-CAR-3117-A 3.1A,10,20,0,7899085593643
MD-30231 VENTILADOR PORTÁTIL,MD-30231,18,30,0,7893095421736
MD-30223-VENTILADOR PORTÁTIL RECARREGAVÉL,MD-30223,18,30,0,7893095421729
S3000 - CAIXA DE SOM BLUETOOTH SOONBOX PARTY BOX,S3000,230,290,0,1000000938500
S9600 - MINI CAIXA DE SOM BLUETOOTH SOONBOX,S9600,70,120,0,1000000941562
SA-928 - TEASER,SA-928,35,55,0,6891781109280
B-30 - GARRAFA TÉRMICA 800ML,B-30,35,55,0,1000000945416
ST-33 - FONE DE OUVIDO SEM FIO PEINING,ST-33,60,100,0,7893008812125
ST-40 - FONE DE OUVIDO BLUETOOTH PEINING,ST-40,60,90,0,7893008812118
PEI-P693 - FONE DE OUVIDO BLUETOOTH PEINING,PEI-P693,55,80,0,7893008813221
,,,,,
Produto,Referência,Preço venda,Preço revenda,Qtde,Cód. barras
PEI-H3 - MINI CAIXA DE SOM SEM FIO BOLINHA,PEI-H3,20,30,0,8220230807138
AK800 - GARRAFA TÉRMICA 800ML,AK800,35,55,0,1000000994872
S036 - COPO TÉRMICO C/NOME 360ML,S036,23,40,0,1000000995893
BZ123 - COPO TÉRMICO C/NOME 550ML,BZ123,35,55,0,8645372334852
FY-044 - MINI VENTILADOR PORTÁTIL CARREGAMENTO USB,FY-044,13,20,0,6973382950482
B18 - COPO TÉRMICO 890ML,B18,40,60,0,1000010016090
B23 - COPO TÉRMICO LONGNECK C/NOME 420ML,CUP-B23,25,40,0,1000010026068
CBO-6010 - CABO DE DADOS DE CARREGAMENTO RÁPIDO 3.4A I6 1000MM,CBO-6010,6,12,0,7899085713553
CBO-6054 - CABO CARREGADOR E TRANSMISSOR DE DADOS 3.4A V8 1000MM,CBO-6054,5.5,10,0,7899085126445
HY-1031 - CAIXA DE SOM BLUETOOTH,HY-1031,110,180,0,6901765110314
A1-107 - RÁDIO A-VISION,A1-107,80,120,0,8008217561200
LAM-12180 - LUMINARIA RGB C/CAIXA DE SOM E CARREGADOR INDUCAO INOVA,LAM-12180,70,120,0,7898070367382
LAM-12186 - LUMINARIA RGB C/CAIXA DE SOM E CARREGADOR INDUCAO INOVA,LAM-12186,70,130,0,7898070367412
CAR-3118A - CARREGADOR RÁPIDO C/2 USB I6 3.1A,CAR-3118A,10.5,20,0,7899085487478
CAR-3118S - CARREGADOR RÁPIDO C/2 USB V8 3.1A,CAR-3118S,10,20,0,7899085126964
KAP-2W - CONTROLE DE PLAY 2,KAP-2W,40,70,0,7898877814218
LE-010 - SUPORTE UNIVERSAL PARA CELULAR,LE-010,20,35,0,7908125200820
LE-909 - MICROFONE,LE-909,110,150,0,7908044601319
LE-6612 - CABO COM MALHA HDTV VERSION 1.4 1.8M,LE-6612,8.5,15,0,7898605601356
CBO-5862 - CABO TUBETE 1M IPH,CBO-5862,7,15,0,7899085590437
CBO-7555 - CABO USB V8 1M INOVA,CBO-7555,5.5,10,0,7899085486389
CBO-9823 - CABO USB SAQUINHO TIPO C 1M,CBO-9823,3.5,8,0,7899085591106
CBO-6055 - CABO DE DADOS INOVA TIPO C 3.4 1M,CBO-6055,5.5,10,0,7899085126452
CBO-9824 - CABO USB DE SAQUINHO V8 1M,CBO-9824,3,8,0,7899085591113
CBO-30007 - CABO TC-IPH,CBO-30007,6,12,0,190198496263
CAR-5245-F - FONTE CARREGADORA 3.1A 2USB CAR-5245-F,CAR-5245-F,9.5,15,0,7899085591380
CBO-9822 -- CABO USB DE SAQUINHO V8 1M,CBO-9822,3,8,0,7899085591090
BA-CBO-7418 - CABO USB 1M IPHONE,BA-CBO-7418,4.2,10,0,7899085711634
LE-7490-1 - CONTROLE PARA TV BOX,LE-7490-1,8,15,0,7908044601418
CBO-6087 - CABO 3.4A V8 1M,CBO-6087,4.5,10,0,
LE-2406 - FONE DE OUVIDO,LE-2406,65,100,0,7908125204453
FON-30177- FONE DE OUVIDO BLUETOOTH,FON-30177,40,65,0,7899085713639
FON-20409 - FONE DE OUVIDO BLUETOOTH,FON-20409,40,65,0,7899085713393
AB-13 - CABO V8 1M ASTON,AB-13,5,10,0,
AB-14 - CABO TIPO C 1M ASTON,AB-14,6,10,0,
,,,,,
Produto,Referência,Preço venda,Preço revenda,Qtde,Cód. barras
FON-8524 - FONE DE OUVIDO DE UNICÓRNIO,FON-8524,35,50,0,7893590428506
RAD-9027 - RADIO INOVA,RAD-9027,27,50,0,
REM-8031 - CONTROLE CINE RAL TV,REM-8031,3,6,0,
FL-6TOMADAS - FILTRO DE LINHA 6 TOMADAS,FL-6TOMADAS,25,40,0,7898905743060
SL-7215 - EXTENSÃO DE 5 TOMADAS,SL-7215,20,30,0,7899085123512
EXTENSÃO BARRA 10 METROS GROSSO 2P+P+T BRASFLEX,EXTENSÃO BARRA 10 METROS GROSSO,32,50,0,7898331540424
CELL-11055 - PILHA AA CARTELA C/4,CELL-11055,5,10,0,
MIC-30185 - MICROFONE LAPELA IPH 2,MIC-30185,120,180,0,
FON-2307D - FONE BLUETOOTH (BASIKE),FON-2307D,27,40,0,7893595552817
CBO-7384 - ADAPTADOR IPH,CBO-7384,9,15,0,7893590428643
KA-1155 - CASE PARA HD,KA-1155,20,35,0,7897728421582
KAP-M40 - CARREGADOR DE MI BAND,KAP-M40,8,15,0,8878917557403
AB-30 - MOUSE GAMER ASTON,AB-30,22,35,0,
KV-143 - BALANÇA DE BANHEIRO,KV-143,55,80,0,
RAD-B5309 - RADIO INOVA,RAD-B5309,17,30,0,7908346239333
RAD-B5308 - RADIO INOVA,RAD-B5308,17,30,0,7908346239319
LE-047 - SUPORTE PARA CELULAR,LE-047,15,25,0,
W35 PHOM7X - RELOGIO,W35 PHOM7X,140,200,0,
W68+ - RELOGIO SMART,W68+,150,250,0,
RÁDIO H5 MINI BOOMBOX,RÁDIO H5 MINI BOOMBOX,0.1,0,0,
CBO-20201- CABO USB 1M IPH,CBO-20201,6,12,0,7899085594466
FEMI-C28 - CABO USB PARA CELULAR V8 25W,FEMI-C28,2,7,0,
COLA RATO A1-002 REFIL C/20 PÇS,COLA RATO A1-002,30,45,0,6920053500033
CHAR-11051 - CARREGADOR PORTÁTIL POR INDUÇÃO,CHAR-11051,55,80,0,7899085593032
RAD-12525 - CAIXA DE SOM,RAD-12525,175,240,0,7893095424133
BA-RAD044 - RÁDIO BLUETOOTH,BA-RAD044,250,350,0,7893095510768
KV-292 CAPA DE AGUA,KV-292,5.5,12,0,
FON-30157 BUDS 3,FON-30157,25,0,0,
FONE S10+,FONE S10+,1,0,0,
CABO C /IPH MARCA,CABO C/IPH,4.2,0,0,
FONE XIAOMI VERMELHO,FONE-MI,14,0,0,
X2 S3,X2 S3,78,0,0,
RAD-6781 - MINI RADIO,RAD-6781,25,40,0,7899085592417
CARTÃO DE MEMÓRIA C/ADAPTADOR MASTERDRIVE 32GB,CARTÃO-32GB,20,35,0,7893826803381
CARTÃO 4GB ALTOMEX AL-MO-4,,13,20,0,8878919900443
,,,,,
Produto,Referência,Preço venda,Preço revenda,Qtde,Cód. barras
LE-2433 - FONE DE OUVIDO,LE-2433,30,50,0,7908125209977
KA-0021 - CAIXA DE SOM KAPBOM XERTMT (MENOR),KA-0021,75,120,0,
RAD-6777 - RADIO INOVA,RAD-6777,25,45,0,7899085592424
3632 - CAIXA DE SOM,MS-3632BT,95,135,0,
AL-220 RECEPTOR BLUETOOTH PARA CARRO SEM FIO,AL-220,6,12,0,7898855712208
UMBR-12491 SOMBRINHA,UMBR-12461,15,25,0,7893095545166
LE-1993 CONJUNTO DE CHAVE DE CATACRA,LE-1993,37,55,1,7908125207287
LE-2340 HUMIDIFICADOR E AROMATIZADOR DE AMBIENTE,LE-2340,75,110,1,7908125208642
WU-111 GARRAFA TERMICA,WU-111,36,50,1,7898070366767
WU-099 GARRAFA TERMICA,WU-099,35,50,1,7898070367344
CSJ-12205 BOMBA DE ÁGUA,CSJ-12205,17,30,1,7899085713515
KV-351 MASSAGEADOR DE PÉS INOVA,KV-351,20,35,1,7898070365272
PEI-PD002 FONTE PEINING USB C,PEI-PD002,18,30,1,7893008810633
WS-266 - CAIXA DE SOM COM RÁDIO USB/TF/FM KOMBI,WS-266,70,100,1,7897723012662
HY-4209/10 - CAIXA DE SOM BLUETOOTH,HY-4209,90,130,1,6901765142094
RAD-11255 - MINI CAIXA DE SOM BOLINHA,RAD-11255,25,40,1,7899085712525
MD-12278 - CONJUNTO DE FACAS COM REVESTIMENTO ANTIADERENTE 8 PEÇAS,MD-12278,130,170,1,7893095416664
MD-30225 - VENTILADOR PORTÁTIL RECARREGAVÉL,MD-30225,19,30,1,7893095421705
S9800 - CAIXA DE SOM BLUETOOTH SOONBOX,S9800,145,200,1,1000000940893
PEI-S823 - CAIXA DE SOM ALTO FALANTE KARAOKE 160W,PEI-S823,960,1300,1,7975855103813
CFH-10 - GARRAFA TÉRMICA C/LEITOR DIGITAL 1L,CFH-10,60,85,1,1000000998498
A1-108 - RÁDIO A-VISION,A1-108,85,130,1,8008217561217
TY-39 - FONTE DE ALIMENTAÇÃO CCE,TY-39,40,60,1,1000001109299
FONTE SKY,FONTE SKY,40,60,1,1000001111650
MOU-6909/6910 - MOUSE C/FIO INOVA,MOU-6909/6910,8,15,1,7897373103970
DVR-7280 - DVR INOVA 4 CANAIS,DVR-7280,260,370,1,7897473118218
FON-30039 - FONE DE OUVIDO TC,FON-30039,13,20,1,
FON-7503 - FONE DE OUVIDO,FON-7503,6,12,1,7899085125950
CAR-9010 - CARREGADOR INOVA BLISTER 4.8 TIPO C,CAR-9010,10,20,1,7893595555450
KV-339 - CAIXA DE SOM PORTÁIL C/ FUNÇÃO RÁDIO,KV-339,550,800,1,7898070367627
CELL-11059 - BATERIA CARTELA C/5,CELL-11059,5,12,1,7899085489755
KV-3162A - CARREGADOR IPH -I6 4.8,KV-3162A,12,25,1,
PO-1 - CABO DE FORÇA,PO-1,5,10,1,7893361542363
KA-665 - MINI TECLADO KAPBOM,KA-665,18,30,1,7897544568416
SL-7606 - EXTENSÃO DE 6 TOMADAS 1.5M BASIKE PRIME,SL-7606,26,40,1,7899085123529
,,,,,
Produto,Referência,Preço venda,Preço revenda,Qtde,Cód. barras
KV-299 - BOMBA D'AGUA AUTOMATICA,KV-299,16,28,1,
KV-138 - BALANÇA DE PRECISÃO,KV-138,20,30,1,7899085588984
SSD MASTERDRIVE 480GB,SSD-480GB,335,450,1,
SSD MASTERDRIVE 1TB,SSD-1TB,590,845,1,
LE-5202 MASSAGE PUFF,LE-5202,85,120,1,7908125210126
MD-12464 CABO DE DADOS V8-1M 3.4A,MD-12464-V8 1M,5.5,12,1,7893095423464
DM-20429 PISTA 360° GRAUS PARA SELFIE,DM-20429,3400,4500,1,
WU-083 GARRAFA TERMICA,WU-083,38,60,2,7899085714222
LE-1807 ROÇADEIRA APARADORA DE GRAMA,LE-1807,300,400,2,7908125207515
JMQ-12216 PISTOLA DE MASSAGEM INSTRUMENT,JMQ-12216,80,110,2,7899085713300
JMQ-12211 PISTOLA DE MASSAGEM,JMQ-12211,80,110,2,7898070367467
AM-8508 - CAIXA DE SOM BLUETOOTH COM DOIS MICROFONES SEM FIO 100W,AM-8508,170,230,2,7898823985085
AM-8502 - CAIXA DE SOM BLUETOOTH COM DOIS MICROFONES SEM FIO,AM-8502,170,230,2,7898809185027
SK-230333 - KIT TALHERES AÇO INOX/PLAST ELBA C/25 PEÇAS BRANCO,SK-230333,28,45,2,7908224348126
"MALA P/ VIAGEM KIT 4 PÇS 26210-24""/25744",26210-24-25744 - MALA,650,900,2,7908224350655
"MALA P/ VIAGEM KIT COM 4 PÇS 25746-24""/25744",25746-24-25744 - MALA,750,1000,2,7908224342094
KV-11215 - MINI CAIXA DE SOM INOVA,KV-11215,70,110,2,7898070364374
RAD-8620 - MINI CAIXA DE SOM INOVA,RAD-8620,30,45,2,7908346247130
S6900- MINI CAIXA DE SOM BLUETOOTH SOONBOX,S6900,80,130,2,1000000942590
PEI-ME01 - MOUSE SEM FIO DE MODO DUPLO PEINING,PEI-ME01,20,30,2,7893008813467
PEI-J40 - CABO DE DADOS TPC/TPC 6A,PEI-J40,10,20,2,7893008812804
RAD-8711 RÁDIO RETRÔ DA BASIKE,RAD-8711,60,95,2,7893595552978
KA-0030- CAIXA DE SOM KAPBOM XTREEM3,KA-0030,150,250,2,1000001026411
FON-760 - FONE DE OUVIDO SEM FIO INOVA,FON-760,45,70,2,4968929213375
T-23 - FONTE DE ALIMENTAÇÃO LENOVO,T-23,40,60,2,1000001110851
M-996W - MICROFONE SEM FIO,M-996W,55,80,2,8878921996601
A6S/30116/30168 - FONE DE OUVIDO AIRDOTS S/ VISOR (SÓ ATACADO),A6S/30116/30168,22,0,2,6934177708800
KV-342 - CAIXA DE SOM PORTÁTIL C/ FUNÇÃO RÁDIO,KV-342,700,1000,2,7898070367634
M10 - FONE BLUETOOTH,M10,35,55,2,1000001387314
FON-7425 - FONE DE OUVIDO,FON-7425,65,80,2,
CELL-11053 - PILHA BOX C/60 UN,CELL-11053,28,50,2,7899085489236
CANETA TOUCH IPH C/BARRA 12145/A1603,12145/A1603,50,90,2,
"MD-30257 SUPORTE DE BRAÇO PARA TV 32"" Á 80""",MD-30257,250,400,2,7893095423020
LAVADOURA DE PRESSÃO LE-1806,LE-1806,230,300,3,7908125207508
WU-097 GARRAFA TERMICA,WU-097,38,60,3,7898070367320
,,,,,
Produto,Referência,Preço venda,Preço revenda,Qtde,Cód. barras
WU-082 GARRAFA TÉRMICA COM SENSOR,WU-082,20,30,3,7899085715984
LE-MR69 MINI ASPIRADOR PORTÁTIL,LE-MR69,35,50,3,7898202304117
CADEIRA PARA CAMPING LE-5405,LE-5405,90,130,3,7908044605478
KV-9887 - MINI CAIXA DE SOM INOVA,KV-9887,60,100,3,7899085586577
GARRAFA TÉRMICA INOX 500 ML 25957,25957,20,30,3,7908224345521
GARRAFA TÉRMICA INOX 500 ML 25925,25925,30,40,3,7908224345163
PEI-PD002-I - CARREGADOR 20W TPC+IPH,PEI-PD002-I,26,40,3,7893008812095
RAD-8665 - CAIXA DE SOM PORTÁTIL SEM FIO COM MICROFONE,RAD-8665,40,65,3,7908346275751
WUP-945 - CARREGADOR PORTÁTIL 30000MAH PEINING,WUP-945,143,220,3,7869029029453
CAR-5216 3.1A-V8 CARREGADOR INTLIGENTE BASIKE,CAR-5216 3.1A-V8,9,20,3,7893595553265
TY-12289 - PROJETOR MULTIMIDIA ULTRA HD,TY-12289,450,700,3,7893095164206
PEI-J41 - CABO DE DADOS TPC/IPH 6A,PEI-J41,12,25,3,7893008812811
CALC-7080- CALCULADORA ELETRÔNICA,CALC-7080,13,22,3,7899085124199
POW-1013 - POWER BANK 5000MAH,POW-1013,18,30,3,7899085588571
CAM-7276 - CAMERA DE SEGURANÇA,CAM-7276,150,200,3,7897473118188
MOU-8609 - MOUSE INOVA S/ FIO,MOU-8609,15,30,3,7908346264472
KV-461 - REFLETOR LED,KV-461,68,95,3,1100001189397
KV-462 - REFLETOR LED,KV-462,100,140,3,
REM-8027 - CONTROLE TV TUBO CCE,REM-8027,3,6,3,
SL-7213 - EXTENSAO DE 3 TOMADAS,SL-7213,18,25,3,7899085123505
SL6001 - EXTENSÃO,SL6001,5,10,3,7908124260238
CABO IPHONE PROMOÇÃO,CABO IPHONE PROMOÇÃO,1,0,3,6947597815690
FON-30194 - FONE JBL (PEQUENO),FON-30194/JBL,35,0,3,7893095164121
FON-12096-BOX - FONE EARPODS IPH,FON-12096-BOX,36,0,3,1942521569262
BA-RAD015 - RÁDIO BLUETOOTH BASIKE,BA-RAD015,320,420,3,7893095511574
LE-1968 PARAFUSADEIRA/ FURADEIRA BI-VOLT 12V,LE-1968,160,220,4,7908125203562
MINI SERRA DE PODA PORTÁTIL KA-1398,KA-1398,230,320,4,7897722111625
WU-114 GARRAFA TERMICA,WU-114,38,60,4,7898070366729
WU-100 GARRAFA TERMICA,WU-100,35,50,4,1100000093084
SK-068 BOMBA DE AR,SK-068,230,320,4,1100000127574
LAN-30199 LANTERNA TÁTICA MULTI-FUNÇÕES,LAN-30199,28,50,4,7899085714932
AM-8509 - CAIXA DE SOM BLUETOOTH COM DOIS MICROFONES SEM FIO 100W,AM-8509,220,290,4,7898823985092
RLD-25883 - RALADOR DE ALIMENTOS,RLD-25883,10,15,4,7908224344647
MD-12268 - CAIXA DE SOM BLUETOOTH ALTO FALANTE MULTIMÍDIA,MD-12268,110,170,4,7893095421750
S5002 - SOONBOX XBASS CAIXA DE SOM BLUETOOTH GRANDE,S5002,600,800,4,1000000936612
,,,,,
Produto,Referência,Preço venda,Preço revenda,Qtde,Cód. barras
PEI-EP310 - FONE DE OUVIDO COM MICROFONE PEINING,PEI-EP310,7,15,4,1000000991017
KV-142 - ESCALA DE PESO,KV-142,55,80,4,7899085589028
ROU-6004 - ROTEADOR INOVA,ROU-6004,100,150,4,7897473113978
ABQ- A1D - CAMERA DE VIGILANCIA WIFI,ABQ- A1D,300,400,4,20190924000001
TY-34 - FONTE DE ALIMENTAÇÃO TOSHIBA,TY-34,40,60,4,1000001108360
KV-001 - CABO TUBETE 1M V8,KV-001,5,10,4,7899085122027
BA-MD-12340 - MOCHILA DE COSTAS,BA-MD-12340,60,95,4,7893095510072
LE-2415 - FONE DE OUVIDO,LE-2415,45,70,4,7908125208246
COD-003 - FILTRO DE LINHA ELETRO G2 3 TOMADAS,COD-003,15,30,4,788115651125
CANETA TOUCH IPH S/BARRA 12147/A2051,12147/A2051,75,120,4,
U-985 - CORTADOR DE CABELO,U-985,62,100,4,
MD-30262 SUPORTE DE TELA DE COMPUTADOR,MD-30262,145,230,4,7893095422832
MD-30264 MONTAGEM DE MONITOR COM SUPORTE PARA LAPTOP,MD-30264,160,250,4,7893095423013
LAVADOURA DE PRESSÃO KA-1493,KA-1493,210,280,5,7897717514936
KV-8778 FONE DE OUVIDO,KV-8778,40,70,5,7898070365524
RAD-1063 - CAIXA DE SOM AMPLIFICADA C/ ENTRADA P/ MICROFONE,RAD-1063,80,120,5,7908346264403
PEI-P818 - FONE DE OUVIDO BLUETOOTH PEINING,PEI-P818,26,40,5,7814527452173
MD-12266 - CAIXA DE SOM ALTO FALANTE PORTÁTIL,MD-12266,210,300,5,7893095422306
MD-30224- VENTILADOR DE MESA,MD-30224,26,40,5,7893095421712
WD02 - GARRAFA TÉRMICA C/LEITOR DIGITAL 500ML,WD02,20,30,5,1000000997255
CAM-7268 - CAMERA DE SEGURANÇA,CAM-7268,72,100,5,7897473118133
KV-145 - BALANÇA DE COZINHA,KV-145,30,50,5,7899085589059
KV-541/KV-537 - KIT RING LIGHT + TRIPÉ,KV-541/KV-537,45,70,5,
FON-8730 - FONE DE OUVIDO PARA JOGOS,FON-8730,28,55,5,7893595552442
PROTECT-1500VA - PROTETOR MULTIFUNCIONAL BIVOLT,PROTECT-1500VA,195,250,5,
PROTECT-500V - PROTETOR MULTIFUNCIONAL BIVOLT,PROTECT-500V,130,180,5,
KA-0015 - CAIXA DE SOM KAPBOM XTREEM3 MINI LED,KA-0015,90,130,5,
JB950 - FONE DE OUVIDO,JB950,40,0,5,624241653094
BA-RAD037 CAIXA DE SOM BLUETOOTH RGB,BA-RAD037,295,400,5,7893095510812
M-1666 MEGAPHONE E AUTOFALANTE,M-1666,70,110,6,1113111131095
LAN-8504 LUMINÁRIA DE MESA INOVA,LAN-8504,50,80,6,7893590425307
KV-358 LUMINÁRIA BOLA,KV-358,45,70,6,7898070365845
PEI-WS11 CARREGADOR SEM FIO 3 EM 1,PEI-WS11,140,200,6,7893008812668
LX-25111 - LIXEIRA DE AÇO INOX 12L,LX-25111,80,100,6,7908224319003
RAD-20234 - MINI RÁDIO RESISTENTE Á AGUA,RAD-20234,40,75,6,7899085711849
,,,,,
Produto,Referência,Preço venda,Preço revenda,Qtde,Cód. barras
PEI-185 - FONTE PARA CARREGAODR RÁPIDA 3.1A PEINING,PEI-185,8,20,6,7893008813429
TY-36 - FONTE DE ALIMENTAÇÃO SAMSUNG,TY-36,40,60,6,1000001107219
DVR-7279 - DVR INOVA 16 CANAIS,DVR-7279,340,450,6,7897473118225
DVR-7281 - DVR INOVA 8 CANAIS,DVR-7281,330,440,6,7897473118201
KV-327 - ANTENA DIGITAL TV,KV-327,18,40,6,7898070364817
KV-126 - CABO 1.2M TC,KV-126,3,8,6,
FON-6748 - FONE DE OUVIDO DA BASIKE,FON-6748,10,20,6,7899085127008
KAP-T33 - ADAPTADOR BLUETOOTH,KAP-T33,4,10,6,7891587516830
FILTRO DE LINHA ELETRO G2 5 TOMADAS,FILTRO DE LINHA 5 TOMADAS,20,35,6,788115651149
S8 ULTRA PRO MAX - RELOGIO SMART,S8 ULTRA PRO MAX,120,200,6,7898070366392
CAM-7271 CAMERA DE SEGURANÇA,CAM-7271,70,100,6,7897473118102
LE-1804 MINI MOTOSERRA PORTÁTIL A BATERIA 6 POLEGADAS,LE-1804,180,250,7,7908125207485
LE-9014 500 AMP CABO DE CHUPETA AUTOMOTIVO,LE-9014 500AMP,25,40,7,7898605601462
WU-183 PISTOLA DE AGUA DE ALTA PRESSÃO BATERIA DE LÍTIO,WU-183,180,280,7,1000000140316
WU-182 PISTOLA DE AGUA DE ALTA PRESSAO BATERIA DE LITIO,WU-182,190,300,7,1000000141245
AM-8503 - MINI CAIXA DE SOM BLUETOOTH COM UM MICROFONE SEM FIO,AM-8503,85,130,7,7898823985030
LX-25110 - LIXEIRA DE AÇO INOX 5L,LX-25110,50,70,7,1000000703016
MD-12260 - CAIXA DE SOM ALTO FALANTE PORTÁTIL SEM FIO,MD-12260,190,270,7,7893095422375
PEI-M003 - CAIXA DE SOM SEM FIO BOLINHA PEINING,PEI-M003,20,30,7,8220230807121
KM-FON-6527 - KIT GAMER,KM-FON-6527,130,180,7,7893590428650
LILYMAX-0003/05/04/07/12/06 - CARREGADOR LILYMAX 6.1A V8,LILYMAX-0003,6,0,7,8923656057513
CAR-3236C - CARREGADOR RAPIDO INOVA TIPO C 4.8A,CAR-3236C,11,25,7,7899085711061
EXTENSÃO BARRA 5 METROS GROSSO 2P+P+T BRASFLEX,EXTENSÃO 5 METROS GROSSO,17,30,7,
SEL-8548 - BASTÃO DE SELFIE,SEL-8548,14,25,7,7893590428674
CBO-9866 - CABO IPH INOVA,CBO-9866,5,10,7,7899085125226
MIC-20439 - MICROFONE INOVA,MIC-20439,32,55,7,7893095423051
FAN-6991 - MINI VENTILADOR,FAN-6991,12,20,7,7893590425420
FECHADURA PARA BICICLETAS KA-5703,KA-5703,35,50,8,7897700057037
KV-9789 - MINI CAIXA DE SOM,KV-9789,90,130,8,7899085124502
RAD-8629 - MINI CAIXA DE SOM INOVA,RAD-8629,30,50,8,7908346248458
CAR-5268C 5.1A CARREGADOR RÁPIDO,CAR-5268C 5.1A,12.5,25,8,7899085590864
PEI-EP312 - FONE DE OUVIDO C/FIO PEINING,PEI-EP312,9,18,8,7894256987467
L09 - ESTABILIZADOR GIMBAL BASTÃO DE SELFIE,L09,160,230,8,7893008814839
AL-21-TY - CABO OTG PARA TIPO C,AL-21-TY,2.8,7,8,8836561321597
KA-918 - POWER BANK 10.000MAH,KA-918,60,100,8,7897758859188
,,,,,
Produto,Referência,Preço venda,Preço revenda,Qtde,Cód. barras
FON-20418 - FONE DE OUVIDO V5.1 NEWEST,FON-20418,28,55,8,1000001250861
LE-1019 - CABO PARA PS2,LE-1019,5,10,8,7898605602513
D-822 - FONTE CHAVEADA 12V 10A,D-822,40,70,8,
WATCH8 ULTRA - RELOGIO SMART,WATCH8 ULTRA,100,160,8,
KA-326-V8 - CABO KAPBOM V8 4.8A,KA-326-V8,4.8,10,8,7895586032612
MD-30259 SUPORTE DE FORNO MICROONDAS EXTENSÍVEL,MD-30259,50,80,8,7893095422825
NÍVEL A LASER COM 5 LINHAS IT BLUE,LE-1812,240,290,9,7908125207676
WU-088 GARRAFA TERMICA,WU-088,30,45,9,7899085713614
KA-1038 MINI LASER DE PALCO,KA-1038,55,80,9,7897717510389
CAR-3305S - CARREGADOR V8 INOVA 5.1A,CAR-3305S,11,25,9,7899085712082
PEI-261 BT- CAIXA DE SOM SEM FIO PEINING,PEI-261 BT,95,135,9,7893008896873
KA-323-V8 - CABO KAPBOM V8 TURBO 1M,KA-323-V8,5,10,9,7895586032315
CHAR-11049 - CARREGADOR INDUÇÃO,CHAR-11049,20,0,9,
CAM-7269 - CAMERA DE SEGURANÇA,CAM-7269,75,110,9,7897473118119
PENDRIVE 16GB UTECH,16GB-UTECH,16,25,9,7898931591116
LE-9015 800 AMP CABO DE CHUPETA AUTOMOTIVO,LE-9015 800AMP,35,50,10,7898605601479
SC-1406 LOUSA LUMINOSA 40X60 CM,LOUSA-SC1406,120,160,10,1100000126713
PEI-WS10- CARREGADOR SEM FIO 5 EM 1,PEI-WS10,140,200,10,7893008812651
LE-3623 - SUPORTE DE MESA P/ PROJETOR,LE-3623,100,170,10,7908125207454
CON-8417 - CONTROLE SEM FIO,CON-8417,60,100,10,7893590160949
KEY-8774 - TECLADO GAMER,KEY-8774,50,80,10,7893595554811
KEY-8389 - TECLADO USB S/ FIO INOVA,KEY-8389,52,80,10,7908124297173
CBO-9825 - CABO DE SAQUINHO TIPO C 1M,CBO-9825,3.5,8,10,7899085591120
RAD-12299 - RÁDIO INOVA,RAD-12299,330,450,10,7893095422061
KA-C051 - SUPORTE RETROVISOR,KA-C051,20,30,10,7898889870516
AUTO-1500VA - AUTO TRANSFORMADOR UNIVERSAL BIVOLT,AUTO-1500VA,180,250,10,
MD-30258 SUPORTE DE TETO PARA PROJETOR MULTIFUNCIONAL,MD-30258,60,90,10,7893095422788
LE-1958 BOMBA DE AR PEDAL ALTA PRESSÃO,LE-1958,28,40,11,7908125203548
GARRAFA TÉRMICA KA-0133,KA-0133,35,50,11,7897701332607
WU-063 GARRAFA DE AGUA 3 EM 1 COLORIDA,WU-063,15,35,11,1100000104476
WS-389 - CARRO CAIXA DE SOM KAPBOM,WS-389,115,160,11,7897723013898
RAD-9024 - MINI CAIXA DE SOM AMPLIFICADA PORTÁTIL INOVA,RAD-9024,25,40,11,7908346225275
MD-12270 - CAIXA DE SOM BLUETOOTH ALTO FALANTE MULTIMÍDIA,MD-12270,110,170,11,7893095421774
WUP-951A - POWER BANK MÚLTIPLAS SAÍDAS 10000MAH PEINING,WUP-951A,55,85,11,7869029029514
EL-1903 - SUPORTE DE CELULAR PARA MOTO COM PROTEÇÃO CONTRA ÁGUA,EL-1903,22,35,11,7891123019030
,,,,,
Produto,Referência,Preço venda,Preço revenda,Qtde,Cód. barras
BA-MD-12344 - MOCHILA DE COSTAS,BA-MD-12344,55,90,11,7893095510379
K35 - MICROFONE LAPELA P2,K35,65,110,11,
CELL-11068 - PILHA LR44 CARTELA C/10 BATERIAS,CELL-11068,5,10,11,7899085489847
COS-660 - FONE DE OUVIDO TUNE 600 BT,COS-660,42,0,11,
BA-RAD016 - RÁDIO BLUETOOTH BASIKE,BA-RAD016,280,400,11,7893095511581
LE-1975 - COMPRESSOR DE AR PORTÁTIL,LE-1975,76,125,12,7908125203616
RAD-8657 - RADIO INOVA,RAD-8657,70,100,12,7908346264458
MAX-0536 - CARREGADOR PORTÁTIL 10.000MAH,MAX-0536,75,100,12,7908125206907
LE-025 - SUPORTE UNIVERSAL,LE-025,20,35,12,7898605602452
FON-7426 - FONE DE OUVIDO EAR DE GATO,FON-7426,50,80,12,7893590427745
A5339 - CANETA 3D 3DPEN-10,A5339,60,90,12,7908575505339
W59 - RELOGIO SMART (9 PRO),W59 (9 PRO),130,250,12,
MD-12271 AUTO FALANTE MULTIMIDIA,MD-12271,110,175,12,7893095421781
KA-7031 RELÓGIO DE PAREDE,KA-7031,120,180,12,
CADEADO PARA MOTO KA-5707,KA-5707,14,25,13,7897700057075
CAIXA DE SOM BOOMSBOX LED KA-0011,KA-0011-BOOMSBOX,190,250,13,1100000085973
JT-8181 CÂMERA DE SEGURANÇA SOLAR SMART,JT-8181,280,360,13,7891942581817
PEI-S501 CAIXA DE SOM BLUETOOTH,PEI-S501,50,80,13,1000000593310
BL-C71-P50 MINI LANTERNA,BL-C71-P50,11,20,13,1000000594447
PEI-WS09 CARREGADOR DE INDUÇÃO C/RELÓGIO SEM FIO 3EM 1,PEI-WS09,150,210,13,7893008811876
COLCHÃO INFLÁVEL SOF-7251,SOF-7251,30,50,13,1000000622607
RAD-9026 - RÁDIO INOVA,RAD-9026,25,50,13,7908346225299
PEI-P715 - FONE DE OUVIDO BLUETOOTH PEINING,PEI-P715,32,55,13,8888154417156
MD-12258 - CAIXA DE SOM ALTO FALANTE PORTÁTIL SEM FIO,MD-12258,135,190,13,7893095422351
RAD-11114 - RÁDIO SEM FIO MINI CAIXA DE SOM,RAD-11114,100,150,13,7899085714390
S7500 - CAIXA DE SOM BLUETOOTH SOONBOX,S7500,80,120,13,1000000946901
DVR-7282 - DVR INOVA 16 CANAIS,DVR-7282,530,670,13,7897473118195
LE-1843 VENTOSA DUPLA,LE-1843,38,55,14,7908125209298
LE-1991 CAIXA DE FERRAMENTAS C/12 PEÇAS,LE-1991,40,55,14,7908125207270
KA-1396 PARAFUSADEIRA KAPBOM AMARELA,KA-1396,260,350,14,1100000035350
CAIXA DE SOM BOOMSBOX 3 RGB KA-0033,KA-0033,145,200,14,7897723613333
LM-2576-2 COPO MIX DE SHAKE,LM-2576-2,7,10,14,6934208020215
FA-1004 - GARRAFA ESPORTIVA C/ BURRIFADOR 600ML-1,FA-1004 -600-1 ML,9,12,14,1000000555431
RAD-8628 - CAIXA DE SOM BLUETOOTH INOVA,RAD-8628,100,160,14,7908346248441
CUP-888 COPO TÉRMICO C/ NOME,CUP-888 BEER PINT,23,0,14,1000000588972
,,,,,
Produto,Referência,Preço venda,Preço revenda,Qtde,Cód. barras
PEI-P691 - FONE DE OUVIDO TWS ORIGINAL ESTÉREO SEM FIO PEINING,PEI-P691,60,90,14,7893008813191
A1-90 - RÁDIO A-VISION,A1-90,70,110,14,8008217349198
PLAYER-5901 - RADIO AUTOMOTIVO AM/FM MP3,PLAYER-5901,85,130,14,7893590161397
MD-P204 - POWERBANK 20000 MAH,MD-P204,80,120,14,7899085714338
BA-FON-6747 - FONE DE OUVIDO DA BASIKE,BA-FON-6747,10,20,14,7899085126995
SL7013 - EXTENSÃO DE 3 TOMADAS,SL7013,14,22,14,7908124260214
KA-0022 - CAIXA DE SOM KAPBOM XERTMT (MAIOR),KA-0022,130,200,14,
KEY-7383 - MINI TECLADO,KEY-7383,22,35,14,
SUPORTE PARA FOGÃO E GELADEIRA KA-5678,KA-5678,48,70,15,7897775856788
KA-1320 MULTI PROCESSADOR DE ALIMENTOS GRANDE,KA-1320,55,80,15,7897758613209
HW-912 CHAPINHA PARA CABELO,HW-912,40,60,15,7908346200630
WUP-379 - CARREGADOR PORTÁTIL 20000MAH PEINING,WUP-379,115,175,15,7858552283791
CAR-9002C 5.1A TIPO C CARREGADOR INOVA 5.1A,CAR-9002C 5.1A,11,20,15,7899085713461
MD-12273 CONJUNTO DE FACAS REVESTIMENTO EM MÁRMORE COM 6 PEÇAS,MD-12273,38,60,15,7893095416718
ABQ-A1D CAMERA SMART,AB-Q-A1D,300,400,15,6920190524084
LE-906 - MICROFONE PROFISSIONAL DINÂMICO C/ MESA DE SOM,LE-906,320,450,15,7898605607228
FON-20341 - FONE DE OUVIDO INOVA,FON-20341,40,70,15,7899085713874
C-131 - SUPORTE MAGNÉTICO ALTOMEX,C-131,5,10,15,7908434964185
GO1PRO - CAIXA DE SOM,GO1PRO,42,0,15,
GARRAFA TÉRMICA CUP-12095,CUP-12095,30,50,16,1100000005773
A1-300 HUMIDIFICADOR DE AR,A1-300,52,75,16,7908575501300
WU-181 PISTOLA DE AGUA DE ALTA PRESSAO BATERIA DE LITIO,WU-181,150,200,16,1000000142211
WS-590 - CARRO CAIXA DE SOM COM RÁDIO USB/TF/FM KAPBOM,WS-590,95,130,16,7897723015908
HT-027 VENTILADOR ( AIR COOLER FAN),HT-027 VENTILADOR,45,65,16,7825080120270
S9100 - CAIXA DE SOM BLUETOOTH SOONBOX,S9100,82,120,16,1000001003481
VB-601 - CÂMERA BABÁ ELETRÔNICA,VB-601,320,450,16,6920221527120
KV-283 - CONTROLE DE VIDEO GAME,KV-283,25,45,16,7898070364527
KV-453 - LUMINÁRIA SOLAR,KV-453,30,50,16,1100001186204
LE-066 - SUPORTE PARA NOTBOOK OU TABLET,LE-066,30,50,16,7908125202930
FON-6746 - FONE DE OUVIDO DA BASIKE,FON-6746,10,20,16,7899085126988
KAP-5050P - FITA DE LED RGB,KAP-5050P,35,50,16,7897700050502
KAP-L3/L2 LAMPADA MUSICAL RGB KAPBOM,KAP-L3,85,120,17,7897723546488
MD-12274 - FACA DE COZINHA COM ACABAMENTO ANTIADERENTE,MD-12274,35,55,17,7893095416701
KV-11246 RÁDIO RETRÔ SEM FIO,KV-11246,55,80,17,7898070364749
AB-29 - MOUSE GAMER ASTON,AB-29,22,35,17,1000001132181
,,,,,
Produto,Referência,Preço venda,Preço revenda,Qtde,Cód. barras
LE-2411 - FONE DE OUVIDO,LE-2411,30,50,17,7908125208024
FON-9918 - FONE DE OUVIDO,FON-9918,5,10,17,7899085486198
BA-MD12358 - MOCHILA INOVA,BA-MD12358,70,110,17,7893095510515
RAD020- CAIXA DE SOM BLUETOOTH,RAD020,210,330,17,7893095511628
MD-30217 - MASSAGEADOR EMS TREINO DE QUADRIS,MD-30217,20,35,18,7893095416589
RAD-20438 ALTO FALANTE SEM FIO PARA BALDE DE GELO,RAD-20438,130,170,18,7893095422849
KV-5703 CÂMERA DE SEGURANÇA WIFI,KV-5703,90,140,18,7898070364541
DIG-7020 - CONVERSOR DIGITAL INOVA,DIG-7020,85,110,18,7899085712556
ZJT-50004 - ADAPTADOR AV2HDMI,ZJT-50004,22,35,18,7899085712204
KEY-9967 - TECLADO MULTIMIDIA,KEY-9967,30,45,18,7899085126292
MD-12277 - CONJUNTO DE 7 PEÇAS PARA COZINHA COM TÁBUA DE CARNE,MD-12277,85,120,18,7893095416671
COS-8778 - FONE DE OUVIDO APPLE GRANDE AIRPODS MAX,COS-8778,90,0,18,
KA-7783 - UMIDIFICADOR DE NAVEGAÇÃO SUAVE,KA-7783,95,150,18,7897785277832
COPO DE CERVEJA COM MUSICA,QY-WENG,60,100,19,7892023775897
XD-12196 LUZ DE PROJEÇÃO ASTRONAUTA,XKD-12196,80,120,19,1000000257236
RAD-9050 - MINI CAIXA DE SOM,RAD-9050,33,55,19,7908346225534
WU-377 - CARREGADOR PORTÁTIL 10000MAH C/CARRREGAMENTO POR INDUÇÃO PEINING,WU-377,60,100,19,1000000775129
PEI-J46-I - CABO DE DADOS CARREGAMENTO RÁPIDO 30W IPH,PEI-J46-I,22,40,19,7893008813498
KV-11245 RÁDIO RETRÔ SEM FIO,KV-11245,55,80,19,7898070364718
KA-1445 - MINI IMPRESSORA TERMICA,KA-1445,110,150,19,789772023730
"KV-329 - SUPORTE TV 26"" ATÉ 63""",KV-329,30,50,19,7898070364831
BF-777S - RÁDIO COMUNICADOR BAOFENG,BF-777S BAOFENG,110,160,19,1000001101798
BF-777S - RÁDIO COMUNICADOR KAPBOM,BF-777S KAPBOM,110,160,19,1000001102917
KA-H7U/AU-4U CABO HUB KAPBOM 7 PORTAS USB,KA-H7U/AU-4U CABO HUB,10,20,19,7898825479865
SL7003 - EXTENSÃO DE 3 TOMADAS 1.5M,SL7003,15,25,19,7908124260115
FON-7506 - FONE DE OUVIDO,FON-7506,5.5,12,19,
BA-MD12356 - MOCHILA INOVA,BA-MD12356,70,110,19,7893095510492
RÁDIO INOVA RAD-8653,RAD-8653,70,100,19,
CARTÃO DE MEMORIA MASTERDRIVE 128GB CLASSE 10,CARTÃO-128GB,45,75,19,7893826803589
KV-10024 FONE DE OUVIDO ESTÉREO,KV-10024,11,20,20,7898070365630
BA-MD-12339 - MOCHILA DE COSTAS,BA-MD-12339,60,95,20,7893095510065
MXQPRO - TV BOX,MXQPRO,110,0,20,7898880246174
KV-8785 - TECLADO S/ FIO INOVA,KV-8785,52,80,20,7899085586942
PROTECT-330VA PROTETOR MULTIFUNCIONAL BIVOLT,PROTECT-330VA,95,130,20,
CBO-7598 - CABO P2 X 2RCA,CBO-7598,3,8,20,7899085488925
,,,,,
Produto,Referência,Preço venda,Preço revenda,Qtde,Cód. barras
CBO-7223 - CABO DE REDE 2M,CBO-7223,6,12,20,7897373103413
FONTE IPAD 85W,FONTE IPAD 85W,110,0,20,
GS8 ULTRA - RELOGIO SMART,GS8 ULTRA,120,180,20,
MIC-20440 - MICROFONE INOVA,MIC-20440,45,65,20,7893095423075
AL-3861 CAIXA DE SOM ALTOMEX,AL-3681,82,120,20,7898823138610
APARELHO DE EVAPORAÇÃO KA-1629,KA-1629,90,130,21,7897765216295
WU-115 GARRAFA DE AGUA INFANTIL,WU-115,25,35,21,1100000089728
RAD-8642 - CAIXA DE SOM PORTÁTIL AUX/USB/TF/FM,RAD-8642,100,150,21,7908346269873
MKL-CAR-3117-S 3.1A CARREGADOR TIPO C CAIXA COLORIDA,MKL-CAR-3117-S 3.1A,10,20,21,7899085590000
S03- BASTÃO DE SELFIE C/ TRIPÉ INTEGRADO,S03,17,30,21,1000000979046
RAD-8670 - RADIO INOVA,RAD-8670,33,55,21,7908346275805
MD-8778 - FONE DE OUVIDO BLUETOOTH,MD-8778,40,70,21,7893095421590
"KV-328 - SUPORTE DE TV 14"" ATÉ 55""",KV-328,40,65,21,7898070364824
AL-C668 - FONTE DE ALIMENTAÇÃO IMPRESSORA,AL-C668,30,50,21,1000001105970
LE-905 - MICROFONE C/FIO LELONG,LE-905,15,25,21,7898605607174
LE-3602 - SUPORTE DE MESA PARA MICROFONE,LE-3602,11,20,21,7898202104205
CHAR-12467 - CARREGADOR P/ CELULAR SEM FIO 3 EM 1,CHAR-12467,60,90,21,7893095423341
MIC-7427 - MINI MICROFONE,MIC-7427,40,60,21,7893590427738
HW8 PRO MAX - RELOGIO SMART,HW8 PRO MAX,120,180,21,7899085713881
S9-ULTRA-PRO - RELÓGIO INTELIGENTE SMARTWATCH,S9-ULTRA-PRO,75,120,21,7893095416534
BA-FON7574- FONE DE OUVIDO BASIKE,BA-FON7574,10,20,22,7899085488451
AM-8505 - CAIXA DE SOM BLUETOOTH COM UM MICROFONE SEM FIO 50W,AM-8505,100,140,22,7898823985054
MD-12261 - CAIXA DE SOM ALTO FALANTE PORTÁTIL SEM FIO,MD-12261,80,120,22,7893095422382
MD-12272 -FACA DE COZINHA ONDULADA COM 6 PEÇAS,MD-12272,35,50,22,7893095416725
PLAYER-5900 - RADIO AUTOMOTIVO AM/FM MP3,PLAYER-5900,75,110,22,1000001022024
HM-2307 - LUMINÁRIA SPEAKER,HM-2307,65,120,22,6973281283070
FONE JB E50 BT,FONE JB E50 BT,75,0,22,6842356465584
RAD-12536 ALTO FALANTE SEM FIO RGB LUZES,RAD-12536,45,70,22,7893095423143
RAD-8654 - MINI CAIXA DE SOM PORTÁTIL INOVA,RAD-8654,65,90,23,7908346264427
RAD-8630- MINI CAIXA DE SOM INOVA,RAD-8630,30,50,23,7908346248465
EL-1507 - HEADPHONE SEM FIO ELETRO GATINHO,EL-1507,45,80,23,7891123015070
MD-12275 CONJUNTO DE FACAS COM 7 PEÇAS,MD-12275,38,60,23,7893095416695
DT-8826 - TERMÔMETRO DIGITAL,DT-8826,130,200,23,1000001091761
D-828 - FONTE CHAVEADA 24V 15A,D-828,75,110,23,8878920218285
CBO-5996 - CABO USB INOVA 2M,CBO-5996,7,15,23,7899085126520
,,,,,
Produto,Referência,Preço venda,Preço revenda,Qtde,Cód. barras
FON-20397 - FONE DE OUVIDO BASIKE,FON-20397,55,85,23,7899085713805
ZX-115 BOMBA DE ÁGUA,ZX-115,16,30,24,1000000210897
KV-100 LÂMPADA DE FESTA,KV-100,17,30,24,7899085123000
LE-044 - SUPORTE P/ CELULAR,LE-044,18,25,24,7908125208567
RAD-20428 - CAIXA DE SOM ALTO FALANTE PORTÁTIL SEM FIO,RAD-20428,120,180,24,7899085715472
AL-9006-V8 5.1A CARREGADOR ORIGINAL (PROMOÇÃO),AL-9006-V8 5.1A,4.5,15,24,8878919900665
KA-0017 - CHARGE5 KAPBOM (MENOR),KA-0017,65,100,24,1000001028354
PLAYER-5901 - RADIO AUTOMOTIVO AM/FM MP3,PLAYER-5901,85,130,24,1000001057675
CON-8148 - CONTROLE SEM FIO PRA XBOX,CON-8148,100,160,24,7897473113596
C-137 - SUPORTE DE COMPUTADOR,C-137,20,30,24,7892020603049
POW-8317 - CARREGADOR PORTÁTIL 10000MAH,POW-8317,33,50,24,7908346254343
KAP-Y09 - PONCHETE PARA ACADEMIA KAPBOM,KAP-Y09,22,35,24,
NO:22308 - FONE DE OUVIDO I12 TWS,NO:22308,18,35,24,1000001288543
KV-043 - SUPORTE UNIVERSAL P/ TV,KV-043,16,25,24,7899085488864
CHAR-12468 - CARREGADOR S/ FIO 3 EM 1 INOVA,CHAR-12468,60,100,24,7893095423334
LE-2127 HUMIDIFICADOR E AROMATIZADOR,LE-2127,25,35,25,7908044602668
CAIXA DE SOM KAPBOM KA-8689,KA-8689,90,130,25,7897723786891
MD-30163 CAMERA DE VIDEO,MD-30163,90,140,25,7899085715533
FON-9933- FONE DE OUVIDO COM MICROFONE,FON-9933,3,8,25,7899085126841
PEI-DR-28 FONE DE OUVIDO SEM FIO,PEI-DR-28,55,90,25,7772345678901
MD-12276 FACAS AFIADAS DE USO DIÁRIO,MD-12276,38,60,25,7893095416688
KA-9901 FONE ASTRONAUTA,KA-9901,50,75,25,7897720299011
ST-18AY - FONE DE OUVIDO GATINHO BLUETOOTH PEINING,ST-18AY,70,110,25,7893008814549
PEI-PH08 - SUPORTE MAGNÉTICO PARA CARRO DOBRAMENTO DUPLO,PEI-PH08,10,20,25,7893008813375
T-30 - FONTE DE ALIMENTAÇÃO HP,T-30,30,50,25,1000001106977
CAR-3224C - KIT VEICULAR 20W+25W TPC,CAR-3224C,15,25,25,7899085592516
FON-8619 - FONE DE OUVIDO PARA PS4/ XONE,FON-8619,38,50,25,7893590429305
FONE SPRING TYPE C - FONE DE OUVIDO TIPO C XIAOMI,FONE SPRING TYPE C,8,16,25,6934177700507
KV-468 - LUMINÁRIA MATA MOSQUITO,KV-468,30,45,25,
EXTENSÃO BARRA 3 METROS GROSSO 2P+P+T BRASFLEX,EXTENSÃO 3 METROS GROSSO,14,25,25,
MS-3627BT - CAIXA DE SOM,MS-3627BT,95,135,25,
G11-LUM - LUMINÁRIA SPEAKER,G11-LUM,70,120,25,
KA-1343 - MASSAGEADOR GUNPRPO,KA-1343,80,120,25,7897723070969
JOGO DE FERRAMENTAS AK-5306,AK-5306,25,40,26,7898889123698
WU-070 GARRAFA TERMICA,WU-070,45,65,26,7899085714154
,,,,,
Produto,Referência,Preço venda,Preço revenda,Qtde,Cód. barras
LAN-6733 LUMINARIA DE MESA,LAN-6733,40,60,26,7899085124922
MD-12265 - CAIXA DE SOM PORTÁTIL SEM FIO,MD-12265,140,200,26,7893095422313
FON-886 FONE DE OUVIDO LUZ LED,FON-886,48,70,26,7893095422436
S578 - CAIXA DE SOM BLUETOOTH C/ MICROFONE ROMIS,S578,90,130,26,212522256869
MD-12293 - VENTILADOR + HUMIDIFICADOR DE AR,MD-12293,50,80,26,7893095421880
CBO-5956 CABO TUBETE V8 1M INOVA,CBO-5956,6,12,26,7893595556402
COD:0014 - TECLADO USB BRIGHT,COD:0014,24,35,26,7897982200664
AB-27 - TECLADO USB ASTON,AB-27,35,60,26,
AL-8927 - RADIO ALTOMEX,AL-8927,32,50,26,7898802289272
CELL-11050 - PILHA AA CX C/60,CELL-11050,25,40,26,7899085489205
LE-2138 RELÓGIO DE PAREDE,LE-2138,50,70,27,7908125208581
KA-2307 HUMIDIFICADOR DE AR,KA-2307,58,90,27,7897723060779
FON-30082 FONE DE OUVIDO,FON-30082,11,20,27,7899085592349
AM-8506 - CAIXA DE SOM BLUETOOTH COM UM MICROFONE 50W,AM-8506,100,140,27,7898823985061
RAD-8166 - CAIXA DE SOM PORTÁTIL INOVA,RAD-8166,80,120,27,7908346255012
BWB-004 - GARRAFA TÉRMICA C/ 3 XÍCARAS FLASK SET,BWB-004,30,50,27,1000000767742
RAD-8669 - CAIXA DE SOM PORTÁTIL SEM FIO INOVA,RAD-8669,33,55,27,7908346275799
RAD-12291 - LUMINÁRIA COM RÁDIO E MICROFONE,RAD-12291,115,190,27,7893095421835
KV-456 - LUMINÁRIA SOLAR,KV-456,55,80,27,
CBO-8575 - CABO P2 X P2,CBO-8575,6,12,27,7893590429039
FON-8639 - FONE DE OUVIDO PARA JOGOS,FON-8639,28,35,27,7893590429497
MD-30162 CAMERA INTELIGENTE,MD-30162,280,360,28,7899085715304
RAD-8712 RÁDIO RETRÔ DA BASIKE,RAD-8712,60,95,28,7893595552985
KV-8195 RÁDIO RETRÔ,KV-8195- CABO DE FORÇA,57,115,28,7899085587543
SPO-5938 - SUPORTE INOVA,SPO-5938,15,25,28,7899085125998
AL-1033 - FONTE 12V ALTOMEX,AL-1033,9,15,28,
FON-9810 - FONE DE OUVIDO,FON-9810,5,10,28,7893595555627
MS-3628BT - CAIXA DE SOM,MS-3628BT,95,135,28,
TRAVA DE SEGURANÇA KA-5712,KA-5712,22,35,29,7897706757115
CVB-024 - BOLA DE FUTEBOL,CVB-024,14,25,29,7908542617928
RAD-8656 - MINI CAIXA DE SOM,RAD-8656,70,100,29,7908346264441
S576 - CAIXA DE SOM BLUETOOTH C/ MICROFONE,S576,85,120,29,1946212522826
2835-GXXWJ - FITA LED NEON,2835-GXXWJ,30,40,29,
W41-PRO-MAX - RELÓGIO INTELIGENTE SMARTWATCH,W41-PRO-MAX,100,150,29,7899085715595
MD-30221 - FONE DE OUVIDO,MD-30221,45,70,29,7893095416602
,,,,,
Produto,Referência,Preço venda,Preço revenda,Qtde,Cód. barras
BA-RAD014 - RÁDIO BLUETOOTH BASIKE,BA-RAD014,150,250,29,7893095511567
KV-298 MINI LIQUIDIFICADOR INOVA,KV-298,25,50,30,7898070364794
SD-172A CAMPAINHA,SD-172A,25,40,30,7898605607242
SD-174A CAMPAINHA,SD-174A,25,40,30,7898605607266
A-691 CAMPAINHA,A-691,18,30,30,6913515006914
CBO-6047 CABO DE IPHONE 3.4A,CBO-6047,9,15,30,7899085489922
WUP-934 POWER BANK 10.000MAH,WUP-934,80,120,30,7869029029347
WUP-758 - POWER BANK 10000MAH TURBO 20W MAGNÉTICA PEINING,WUP-758,85,120,30,7869029027589
L08 - ESTABILIZADOR GIMBAL BASTÃO DE SELFIE C/ TRIPÉ,L08,145,200,30,7893008814822
FON-9027 - FONE DE OUVIDO SEM FIO GATINHO BASIKE,FON-9027,35,50,30,7893595553517
FON-30091 - FONE JBL,FON-30091-JBL,35,0,30,7893095164114
W34+ - RELOGIO SMART,W34+,60,100,30,7898070366378
CELL-11052 - PILHA AA CX C/60,CELL-11052,30,45,30,7899085489229
WU-13687 - WU-13688/13685 RING LIGHT PEQUENO,WU-13687,25,50,30,1100001679386
POW-1067 - POWER BANK,POW-1067,35,55,30,7899085122553
BA-FON042 - FONE DE OUVIDO BLUETOOTH BASIKE,BA-FON042,110,180,30,7893095510874
WU-13690 - SUPORTE TRIPÉ,WU-13690,1,1,30,
A-B05 HEADPHONE COM BLUETOOTH,A-B05,27,45,30,7898828693053
KA-1333 - MICROFONE NÚCLEO DE ALTA QUALIDADE,KA-1333,115,170,30,7897723133305
KA-5735 - BLOQUEIO U CADEADO DE BICICLETA,KA-5735,60,100,30,7897728645360
GARRAFA DE ÁGUA INFANTIL A-6589,A6589,35,55,31,7908575506589
WU-089 GARRAFA TERMICA,WU-089,32,50,31,
LE-MR64 GARRAFA PLÁSTICA INFANTIL 850ML,LE-MR64,50,70,31,7898202303158
MD-20158 CÂMERA DE VIDEO INTELIGENTE,MD-20158,65,110,31,7899085714369
RAD-12327-LOTSOA1 - CAIXA DE SOM URSINHO,RAD-12327-LOTSOA1,60,100,31,1000000835557
MD-30232- VENTILADOR PORTÁTIL RECARREGAVÉL,MD-30232,18,30,31,7893095421743
LE-527C - CARREGADOR VEICULAR TYPE-C 3.4A,LE-527C,10,20,31,7908125204507
RAD-12290 - LUMINÁRIA COM RÁDIO + CARREGADOR + DESPERTADOR,RAD-12290,102,150,31,7893095421842
LE-2432 - FONE DE OUVIDO,LE-2432,30,50,31,7908125209960
REM-8042 - CONTROLE TV LCD PANASONIC,REM-8042,5,8,31,7897373102676
FON-12121 - FONE DE OUVIDO,FON-12121,45,70,31,7893095422993
JR66 - FONE DE OUVIDO,JR66,55,75,31,
FON-8778 - FONE DE OUVIDO,FON-8778,75,130,31,
KAP-048 MODELADOR DE CACHOS KAPBOM,KAP-048,68,90,32,7897723010958
WUP-935 POWER BANK 10.000MAH,WUP-935,75,110,32,1000000623055
,,,,,
Produto,Referência,Preço venda,Preço revenda,Qtde,Cód. barras
WS-591 - CARRO CAIXA DE SOM COM RÁDIO KAPBOM,WS-591,65,90,32,7897723015915
RAD-8655 - MINI CAIXA DE SOM PORTÁTIL,RAD-8655,65,90,32,7908346264434
FON-2123D - FONE DE OUVIDO,FON-2123D,15,25,32,7897473114098
KV-9812 - TECLADO S/ FIO INOVA,KV-9812,40,60,32,7899085126346
LE-8135 RELOGIO DE MESA,LE-8135,15,25,33,7908125209502
LE-1859 KIT PONTEIRA PROFISSIONAL ACO VANADIO 100MM,LE-1859,14,25,33,7908125209670
WU-096 GARRAFA TERMICA,WU-096,38,60,33,7890703673136
WS-1958 CAIXA DE SOM FUSCA,WS-1958,75,110,33,7897723019586
KA-8885 - CAIXA DE SOM C/ LUMINARIA KAPBOM,KA-8885,90,130,33,7897723388859
MAG-8758 - AMPLIFICADOR DE VIDEO,MAG-8758,18,30,33,7893595553654
CON-11258 - CONTROLE DE VÍDEO GAME,CON-11258,110,200,33,7899085714567
FON-7504 - FONE DE OUVIDO,FON-7504,5.5,12,33,
SPO-8481 - SUPORTE,SPO-8481,6,12,33,7893590425734
LE-2115 RELÓGIO DE PAREDE DIGITAL,LE-2115,70,100,34,7908044601098
LE-3616 SUPORTE ARTICULADO PARA NOTBOOK,LE-3616,95,140,34,7908125204651
WUP-938 CARREGADOR PORTÁTIL 10.000MAH,WUP-938,70,110,34,7869029029385
WS-528 - CAMINHÃO CAIXA DE SOM,WS-528,90,130,34,7897723015281
PEI-J59-C - CABO DE DADOS TPC 60W 2000CM PEINING,PEI-J59-C,13,25,34,7893008814471
PEI-J46-C- CABO DE DADOS CARREGAMENTO RÁPIDO 100W TPC,PEI-J46-C,22,40,34,7893008813504
ITEM NO-280 - SENSOR DE RÉ,ITEM NO-280,45,70,34,1000001211923
ADAPTADOR CARREG E FONE IPHONE,ADAPTADOR (T) IPHONE,6,10,34,
CBO-7585 - CABO TC-IPH (MAÇÃ),CBO-7585,5.5,0,34,7898357420045
US8 ULTRA - RELOGIO SMART,US8 ULTRA,95,160,34,
WU-077 GARRAFA TERMICA,WU-077,35,50,35,7899085713355
XM-N9 - FONE DE OUVIDO,XM-N9,4,10,35,1000001016139
WU-036 GARRAFA DE AGUA,WU-036,30,46,36,1100000101024
RAD-8621 - MINI CAIXA DE SOM INOVA,RAD-8621,25,40,36,7908346247147
MD-12267 - CAIXA DE SOM ALTO FALANTE,MD-12267,165,250,36,7893095422337
WDR-27 - FONE DE OUVIDO S/ FIO I13,WDR-27,28,50,36,
KEY-8388 - KIT TECLADO E MOUSE,KEY-8388,52,80,36,7893590160178
PENDRIVE MINI CHAVEIRO MASTERDRIVE 128GB CLASSE 10 (PRATA E BLACK),128GB CLASSE 10,85,130,36,7893826015807
LE-2128 HUMIFICADOR E AROMATIZADOR DE AMBIENTE,LE-2128,25,35,37,7908044602675
PAINEL SOLAR TYNB-12203,TYNB-12203,50,75,37,7899085714628
KA-Z13 AMBIENTADOR DE CARRO KAPBOM,KA-Z13,55,80,37,7897723060137
PEI-J46-3 - CABO DE DADOS CARREGAMENTO RÁPIDO TPC 66W,PEI-J46-3,20,30,37,7893008813481
,,,,,
Produto,Referência,Preço venda,Preço revenda,Qtde,Cód. barras
MAG-8757 - AMPLIFICADOR DE VIDEO,MAG-8757,16,30,37,7893595553661
KEY-9965 - TECLADO INOVA (COM FIO!),KEY-9965,30,45,37,7899085126322
FON-11109 - FONE DE OUVIDO INOVA,FON-11109,40,60,37,7899085713034
FON-10025 - AIRPODS PRÓ 6,FON-10025,35,70,37,
MA-1 - FONE DE OUVIDO,MA-1,55,75,37,
AL-1751 MARMITA,AL-1751,25,40,37,7898885217513
LAN-6734 LUMINARIA DE MESA INOVA,LE-6734,45,70,38,7899085124939
MD-5703 CÂMERA DE VÍDEO INTELIGENTE,MD-5703,80,120,38,7899085714383
MD-12262 - CAIXA DE SOM ALTO FALANTE PORTÁTIL SEM FIO,MD-12262,70,100,38,7893095422399
ZJT-30085 - OTG 3 EM 1,ZJT-30085,22,35,38,7899085592950
M-303 - MICROFONE COM FIO,M-303,18,30,38,8878921303003
WU-13688 RING LIGHT C/ TRIPE,WU-13689,70,120,38,7820230214090
D-826 - FONTE CHAVEADA 24V 5A,D-826,50,85,38,8878920218261
8977N - CARREGADOR TURBO POWER CHARGER V8,8977N,10.5,20,38,7237558977796
JN-006 - MINI ESPELHO COM POWER BANK ROSA,JN-006,30,55,38,6999885455620
WU-178 - GARRAFA TÉRMICA,WU-178,32,50,38,7899085715779
HUMID-8542 HUMIDIFICADOR DE GATINHO,HUMID-8542,25,40,39,7893590428599
PEI-S505 CAIXA DE SOM BLUETOOTH PEINING,PEI-S505,130,170,39,6971192053980
RAD-9023 - MINI CAIXA DE SOM AMPLIFICADA PORTÁTIL,RAD-9023,25,40,39,7908346225268
PEI-EX-1091 - SUPORTE DE CELULAR PARA CARRO 360º,PEI-EX-1091,23,40,39,7891356432033
CARREGADOR VEIC. T-C BASIKE BA-CAR0049,BA-CAR0049,20,35,39,7897473117488
AL-1750 MARMITA LUNCH BOX,AL-1750,29,45,39,7898885217506
WU-011 GARRAFA TERMICA,WU-011,35,55,40,7899085713737
SD-173A CAMPAINHA,SD-173A,25,40,40,7898605607259
MJQ-12287 - LIXA PARA OS PÉS,MJQ-12287,20,35,40,7893095421972
PEI-EX-2002 - SUPORTE UNIVERSAL PARA SMARTPHONE,PEI-EX-2002,20,30,40,7871192051193
CBO-5715 - CABO T-C 1M,CBO-5715,4.2,10,40,7893595554934
KEY-8773 - TECLADO GAMER,KEY-8773,50,80,40,
ADAPTADOR OTG IPHONE MASTERDRIVE,OTG-I6 MASTERDRIVE,20,30,40,7893826807020
MD-12414 POWER BANK 20.000MAH,MD-12414,80,125,40,7893095423662
KA-C025 - SUPORTE DE MICROFONE,KA-C025,40,60,40,7897755711250
KA-C026 SUPORTE PARA CÂMERA,KA-C026,40,60,40,
KA-1439 DETECDOR PAA NOTAS FALSAS,KA-1439,35,50,40,
KA-1583 FATIADOR DE ALIMENTOS,KA-1583,45,65,40,
WU-037 GARRAFA DE ÁGUA,WU-037,30,42,41,1100000100263
,,,,,
Produto,Referência,Preço venda,Preço revenda,Qtde,Cód. barras
MOOP ESFREGA TRIANGULAR DE LIMPEZA,MOOP,60,100,41,1100000106135
A-506 BOMBA DE ÁGUA,A-506A,50,80,41,7898851012111
25406 - FACA P/ MANTEIGA DE METAL,25406,3,6,41,7908224327367
PEI-S504 - CAIXA DE SOM BLUETOOTH PEINING,PEI-S504,160,120,41,7889511511356
BZ-1 GARRAFA TÉRMICA 510ML,BZ-1,28,45,41,1000000904598
FON-8779 - FONE DE OUVIDO SEM FIO INOVA,FON-8779,43,70,41,7893095421989
UV-5R - WALKIE TALKIE,UV-5R,140,200,41,1000001100586
ZJT-30069 - ADAPTADOR OTG IPH,ZJT-30069,10,20,41,7899085591731
AL-3087 - MINI CAIXA P/ PC ALTOMEX,AL-3087,28,40,41,8878921130876
JB 950-2 - FONE DE OUVIDO,JB 950-2,50,0,41,184131121268
LAN-6736 LUMINARIA DE MESA,LAN-6736,40,70,42,7899085124953
PEI-S502 CAIXA DE SOM BLUETOOTH,PEI-S502,75,110,42,6971192054680
YY-01 - POP IT GAME MACHINE,YY-01,18,30,42,1000000317213
A-5681 MINI STUDIO FOTOGRAFICO GRANDE,A5681 GRANDE,120,160,43,1100000020974
WU-031 GARRAFA DE 1 LITRO,WU-031,14,20,43,1100000135166
KV-146 - BALANÇA ELÉTRICA COMPACTA,KV-146,35,55,43,7899085589066
KV-451 - LUMINÁRIA SOLAR,KV-451,30,50,43,
KV-467 - LUMINÁRIA MATA MOSQUITO,KV-467,30,50,43,
AL-3083 - MINI CAIXA P/ PC ALTOMEX,AL-3083,30,50,43,8878921130838
MIC-30112 - MICROFONE LAPELA IPHONE 2,MIC-30112,120,180,43,1100001699162
WU-136 JOGO DE FERRAMENTAS,WU-136,20,35,44,7899085714659
RAD-9025 - MINI CAIXA DE SOM AMPLIFICADA PORTÁTIL,RAD-9025,25,40,44,7908346225282
KA-2807 CONTROLE REMOTO SAMSUNG TV/LCD,KA-2807,5.5,10,44,7897722228071
PEI-J46-2 - CABO DE DADOS CARREGAMENTO RÁPIDO IPH,PEI-J46-2,20,30,44,7893008813474
RAD-12529 - RÁDIO INOVA,RAD-12529,85,130,44,7893095422221
LE-2123 UMIDIFICADOR DE AR E AROMATIZADOR,LE-2123,22,35,44,7908044602590
FON-20420 FONE DE OUVIDO,FON-20420,100,150,45,
BL-TX-001- MÁQUINA DE BARBEAR USB TPC,BL-TX-001,25,40,45,7891543100011
KA-2896 CONTROLE REMOTO SAMSUNG LED LCD,KA-2896,5.5,10,45,7897723628962
CON-204Z - CONTROLE PS3 INOVA,CON-204Z,50,80,45,7897473113787
S-262 - MAQUINA PARA BARBEAR,S-262,50,80,45,7908346245228
G06-C - CARREGADOR VEICULAR TIPO C 4.1A,G06-C,10,20,45,7899085488086
KV-132 - BARBEADOR INOVA,KV-132,35,55,45,7899085587437
ROU-6002 - REPETIDOR WIFI,ROU-6002,43,60,45,7897473113992
CBO-7608 - CABO P10/P10,CBO-7608,13,25,45,7899085489021
,,,,,
Produto,Referência,Preço venda,Preço revenda,Qtde,Cód. barras
CBO-7215 - CABO HDMI 5M,CBO-7215,18,35,45,7897373104090
BA-CAR0045 - CARREGADOR BASIKE,BA-CAR0045,25,35,45,7897473117426
CAR-7447 -BOX FONTE CARREGADORA 20W USB-C,CAR-7447,20,0,45,194252156926
W37-PRO-MAX - RELÓGIO INTELIGENTE SMARTWATCH,W37-PRO-MAX,110,160,45,7899085715618
F-091 - FONE DE OUVIDO,F-091,30,50,45,6989532512530
AL-3085 - MINI CAIXA P/ PC ALTOMEX,AL-3085,24,40,45,
MD-20442 - MICROFONE DINÂMICO,MD-20442,35,55,45,7893095423327
REF-758 PRANCHA DEFINIDORA DE CABELOS,REF-758,40,70,46,7908124271302
PEI-286-2/IP CARREGADOR 6.2A IPHONE PEINING CABO SOLTO,PEI-286-2 IPH,15,30,46,7893008812347
RAD-9049 - MINI CAIXA DE SOM INOVA,RAD-9049,33,55,46,7908346225527
KV-811104 - RÁDIO ALTO FALANTE PORTÁTIL,KV-811104,25,40,46,7899085593063
KV-8784 - KIT TECLADO E MOUSE,KV-8784,52,80,46,7899085586935
LE-040 - SUPORTE PARA CELULAR,LE-040,11,20,46,7908125200868
ZJT-30103 - ADAPTADOR PORTA RELÂMPAGO USB,ZJT-30103,26,40,46,
ROU-6011 - ROTEADOR INOVA,ROU-6011,75,120,46,7908273076049
MD-30251 - SUPORTE DE PAREDE PARA TV,MD-30251,14.5,25,46,7893095422733
TRAVA DE SEGURANÇA KA-5713,KA-5713,22,35,47,7897706757116
LE-2122 UMIDIFICADOR DE AR E AROMATIZADOR,LE-2122,23,35,47,7908044602583
CAR-3305A - CARREGADOR 5.1A IPHONE INOVA,CAR-3305A,12,25,47,7899085712099
CAR-3160C-3.1A TIPO C CARREGADOR DE BLISTER INOVA,CAR-3160C-3.1A TIPO C,11,20,47,7893595556990
C-116 - SUPORTE P/ AR ALTOMEX,C-116,7,15,47,7908434946242
PEI-PD101 20W CARREGADOR RÁPIDO 20W USB-A+C,PEI-PD101,30,45,48,7893008810855
KA-3818 CONTROLE UNIVERSAL DE AR CONDICIONADO,KA-3818,12,20,48,7897723538186
GARRAFA TÉRMICA KA-0137,KA-0137,35,50,49,7897701375482
KV-080 - CABO USB KIVE V8 1M,KV-080,5.5,10,49,7899085123833
U-1271 - BARBEADOR INOVA,U-1271,55,90,49,7899085594213
SL7103 - EXTENSÃO 3 TOMADAS 7389,SL7103,13,23,49,7908124260146
RAD-12421 - CAIXA DE SOM PORTÁTIL INOVA,RAD-12421,60,90,49,7893095422115
SL7113 - EXTENSÃO 3 TOMADAS CABO GROSSO,SL7113,13,20,49,7908124260276
D-008 - MINI CAIXA P/ PC ALTOMEX,D-008,26,40,49,
AL-Z21 MOCHILA PRETA,AL-Z21,60,85,49,7898813113214
AL-8260 COPO TÉRMICO COM CAIXA DE SOM ( PROMOÇÃO),AL-8260 S/LOGO,32,55,49,7898824182605
BA-FON9856 FONE DE OUVIDO SEM FIO BASIKE,BA-FON9856,55,90,50,7908124297876
PEI-S506 - CAIXA DE SOM BLUETOOTH PEINING,PEI-S506,55,95,50,7656154751485
TERMÔMETRO DIGITAL,TERMÔMETRO DIGITAL,8,15,50,1000000799484
,,,,,
Produto,Referência,Preço venda,Preço revenda,Qtde,Cód. barras
SPO-7523 - SUPORTE PARA CARRO,SPO-7523,14,25,50,7899085125424
AL-112 LIMPADOR DE CRAVOS,AL-112/XD-888,22,35,51,8878921001121
MD-572 CARRINHO COM AUTO FALANTE,MD-572,95,140,51,7893095421521
PEI-907 CARREGADOR 2USB C + USB PEINING,PEI-907,75,110,51,7893008812644
KAP-V380 - CÂMERA LÂMPADA,KAP-V380,60,100,51,1000001019581
WU-227 - GARRAFA TÉRMICA,WU-227,32,50,51,7893095416763
KA-009 PROCESSADOR DE ALIMENTOS 250ML KAPBOM,KA-009,25,35,52,7891755800099
KV-357 LUMINÁRIA BOLA,KV-357,40,70,52,7898070365838
CAR-5181A CARREGADOR 3.1A IPH BLISTER,CAR-5181-A-IPHONE BLISTER,10.5,20,52,7899085125110
8978N-TY - CARREGADOR TURBO POWER CHARGER TIPO C,8978N-TY,11,25,52,7237558978793
MIC-8641 - MICROFONE MULTIMIDIA,MIC-8641,50,70,52,7893590427578
CANECA EM POLICARBONATO SUPER RESISTENTE 1200 ML,CANECA 1200ML,17,25,52,1000001286303
MD-144 BALANÇA DE COZINHA ELETRONICA,MD-144 BALANÇA,18,25,52,7899085714284
LE-1986 ESTILETE,LE-1986,5,10,53,7908125203685
WU-063H GARRAFA DE AGUA 3 EM 1 TODA PRETA,WU-063H,15,35,53,1100000105961
PEI-902 CARREGADOR 30W U+C,PEI-902,40,60,53,7893008812590
HT-029 GARRAFA TÉRMICA SMART CUP LED C/ MEDIDOR,HT-029,20,30,53,1000000902778
CON-30234 - CONTROLE DE VIDEO-GAME,CON-30234,165,270,53,7893095422499
ZJT-50008 - ADPTADOR HDMI2AV,ZJT-50008,35,55,53,7899085712235
JL-1162 KIT DE CHAVES,JL-1162,10,18,53,
COPO TÉRMICO FURTACOR CUP-888/CUP-12086,CUP-12086/CUP-888,25,35,54,1100000145998
MD-570 CARRINHO COM AUTO FALANTE,MD-570,85,125,54,7899085714888
MD-571 - CARRINHO CAIXA DE SOM,MD-571,95,140,54,7899085714833
BL-C72-P50 MINI LANTERNA,BL-C72-P50,11,20,54,1000000595314
AL-3093 - MINI CAIXA P/ PC ALTOMEX,AL-3093,26,40,54,8878921130937
WIND2 - CAIXA DE SOM,WIND2,42,0,54,
AL-3092 - MINI CAIXA P/ PC ALTOMEX,AL-3092,20,35,54,
FON-20390 FONE DE OUVIDO,FON-20390,52,80,55,7899085713843
LE-6623 - CABO HDTV 4 EM 1,LE-6623,8,12,55,7908125203371
CAR-3298C 3.1A CARREGADOR RÁPIDO TIPO C,CAR-3298C 3.1A,10,20,55,7899085712006
D-821 - FONTE CHAVEADA 12V 5A,D-821,20,35,55,8878920218216
AL-357 - CABO ADAPTADOR ALTOMEX 3 EM 1,AL-357,16,25,55,7891379841546
G06-S - CARREGADOR VEICULAR 4.1A V8,G06-S,9.5,20,55,7899085488079
MS-3631BT - CAIXA DE SOM,MS-3631BT,95,135,55,
LE-6117 CINTA POSTURAL,LE-6117,36,55,55,7908125211161
,,,,,
Produto,Referência,Preço venda,Preço revenda,Qtde,Cód. barras
LE-6118 CINTA POSTURAL,LE-6118,40,60,55,7908125211178
LUZES DE MÚSICA DE FUTEBOL BLUETOOTH KA-1885,KA-1885,50,75,56,7897700018854
CAR-G5062S-3.1A V8 CARREGADOR RÁPIDO,CAR-G5062S-3.1A,9,20,56,7899085124632
MD-12245 - FONE SEM FIO,MD-12245,53,80,56,7893095421620
BA-FON6693 - FONE DE OUVIDO BLUETOOTH TWS,BA-FON6693,40,65,56,7899085126094
PEI-WUP830 CARREGADOR PORTÁTIL 10.000MAH,PEI-WUP-830,85,120,57,7662345678905
RAD-8674 - CAIXA DE SOM PORTÁTIL SEM FIO,RAD-8674,25,40,57,7908346275843
FILTRO DE LINHA ELETRO G2 3 TOMADAS,ELETRO G2 3 TOMADAS,15,30,57,788115651156
KV-155 - POWERBANK,KV-155,48,65,57,7898070367184
KV-11207 - MINI CAIXA DE SOM SEM FIO COM RÁDIO,KV-11207,35,55,58,7898070364336
FON-9932 - FONE DE OUVIDO COM FIO,FON-9932,3,8,58,7899085126834
CAR-3235C 3.1A TPC (CS) - CARREGADOR RÁPIDO INOVA,CAR-3235C 3.1A TPC - CABO SOLTO,10,20,58,7899085711023
MP-7433 - MOUSEPAD INOVA,MP-7433,12,20,58,7893595553524
MU-1067 - POWERBANK,MU-1067,35,55,58,7893095422047
CBO-7607 - CABO P10/P10,CBO-7607,11,20,58,
S8 ULTRA PRO - RELOGIO SMART,S8 ULTRA PRO,110,180,58,7898070366385
GARRAFA DE ÁGUA CUP-12089/CUP-12088,CUP-12089 CUP-12088,20,45,59,7899085713454
BOMBA PARA GALÃO DE ÁGUA KA-C13,KA-C13,35,50,59,7897785274138
KV-353 TRITURADOR ELETRICO,KV-353,40,65,59,7898070365296
MD-12205 - BOMBA D'ÁGUA,MD-12205,20,30,59,
FON-12511 FONE DE OUVIDO BLUETOOTH ESTÉREO SEM FIO,FON-12511,50,75,59,7893095423846
LAN-12544 LUMINÁRIA CHOCOLIGHT,LAN-12544,55,80,59,7893095424393
LAN-12541 LUMINÁRIA POPCORNLAMP,LAN-12541,50,75,59,7893095424416
LE-6105 TORNOZELEIRA DE COMPRESSÃO ORTOPEDICA,LE-6105,12,20,60,7908125209779
GARRAFA TÉRMICA KA-0132,KA-0132,35,50,60,7897701322608
HM-07 MINI LIQUIDIFICADOR ALTOMEX,HM-07,25,50,60,7898823048780
KA-8231 CAIXA DE SOM PORTÁTIL,KA-8231,40,65,60,7897723582318
PEI-PH07 - SUPORTE MAGNÉTICO PARA CARRO DOBRAMENTO DUPLO,PEI-PH07,10,20,60,7893008813368
CBO-20260 - CABO TUBETE 3M-IPHONE,CBO-20260,12.5,20,60,7899085588472
MIC-30111 - MICROFONE LAPELA TPC 1,MIC-30111,65,110,60,1100001426720
SJX-006 - CABO V8 3.8A,SJX-006,2,7,60,
LAN-12542 LUMINARIA PUMPKIN LAMP,LAN-12542,50,75,60,7893095511529
KA-1536 - LUMINÁRIA,KA-1536,20,35,60,7897708068851
KA-5715 CADEADO PARA BICICLETA C/CHAVE TRAVA DISCO,KA-5715,20,30,60,
LAN-30200 LANTERNA DE ALTA BRILHOSIDADE,LAN-30200,38,60,61,7899085714925
,,,,,
Produto,Referência,Preço venda,Preço revenda,Qtde,Cód. barras
RAD-8635 - MINI CAIXA DE SOM ALTA FIDELIDADE,RAD-8635,18.5,30,61,7908346248519
WS-599 - CARRO CAIXA DE SOM KAPBOM,WS-599,70,100,61,7897723015991
MD-12264 - CAIXA DE SOM PORTÁTIL WIRELESS SPEAKER,MD-12264,68,100,61,7893095422320
KA-818 - SUPORTE REFRIGERADOR NOTEBOOK,KA-818,12,20,61,7898899333353
KAP-5050W - FITA DE LED KAPBOM,KAP-5050W,22,35,61,
BA-FON002 - FONE DE OUVIDO BLUETOOTH BASIKE,BA-FON002,115,190,61,7893095511710
WU-103 GARRAFA TERMICA,WU-103,38,60,62,7898070367306
HM-03 MINI LIQUIDIFICADOR 380ML,HM-03,40,60,62,7898822090476
WU-220 CHALEIRA TÉRMICA A VÁCUO,WU-220,40,70,62,7893095416770
LE-065 - SUPORTE UNIVERSAL,LE-065,35,50,62,7908125202954
ZJT-50006 - ADAPTADOR AV2VGA,ZJT-50006,23,40,62,7899085712242
SPO-12379 - SUPORTE INOVA,SPO-12379,22,35,62,7893095422962
FON-30083 - FONE DE OUVIDO,FON-30083,14,25,63,7899085592356
FON-2295D - FONE DE OUVIDO,FON-2295D,4,10,63,7893590428537
AL-3091 CAIXA DE SOM PRA PC,AL-3091,20,35,63,
FON-MI-9 - FONE DE OUVIDO BASIKE,FON-MI-9,40,70,63,7899085126070
TRAVA DE SEGURANÇA KA-5710,KA-5710,16,25,64,7897706757108
KV-354 MINI PROCESSADOR DE ALIMENTOS,KV-354,25,35,64,7898070365302
CSJ-12209 BOMBA DE ÁGUA PARA GALÃO,CSJ-12209,40,60,64,7899085713508
PEI-P714 FONE DE OUVIDO TWS COM POWER BANK,PEI-P714,60,100,64,8888154657149
KA-1580 - GRAVADOR DE VOZ KAPBOM,KA-1580,70,100,64,7897743508107
KAP-5050WW - FITA DE LED KAPBOM,KAP-5050WW,22,35,64,
A0679 - LOUSA MAGICA 8.5,A0679,13,25,64,7908575500679
MD-30159 CAMERA DE VIDEO INTELIGENTE,MD-30159,90,140,65,1000000250275
LE-303 - CABO RJ45,LE-303,6,10,65,7898605604715
TB-0502 - FITA DE LED FOYU,TB-0502,35,55,65,
SA-18 - MINI TRIPÉ PARA CELULAR,SA-18,6,12,66,
APARELHO DE EVAPORAÇÃO KA-2657,KA-2657,20,30,67,7897718826571
M8 GELO - PULSEIRA SILICONE PARA RELÓGIO,M8 GELO,8,15,67,1000000639186
KA-1999 - MINI TECLADO UNIVERSAL,KA-1999,35,55,67,7891755719995
MIC-30184 - MICROFONE LAPELA IPH 2,MIC-30184,120,180,67,1100001429240
REM-8024 - CONTROLE TV SHARP,REM-8024,3,6,67,7897373102188
PAINEL SOLAR TYNB-12204,TYNB-12204,40,60,68,7899085714611
MD-20357 CÂMERA INTELIGENTE,MD-20357,110,170,68,7899085715144
CAR-20322 USB C - ADAPTADOR DE ALIMENTAÇÃO 60W,CAR-20322 USB C,50,90,68,7899085711467
,,,,,
Produto,Referência,Preço venda,Preço revenda,Qtde,Cód. barras
K22-D - TRIPÉ PARA SELFIE,K22-D,45,70,68,1000000954463
K10 - BASTÃO DE SELFIE C/ TRIPÉ INTEGRADO,K10,25,40,68,1000000982718
AL-SF002 - BALANÇA DE PRECISÃO,AL-SF002,20,30,68,8878929290022
BA-CBO-7422 - CABO USB V8 1M,BA-CBO-7422,4,10,68,7893595552930
AL-652 CAIXA DE SOM RESISTENTE ALTOMEX,AL-652,40,55,68,7898819031635
KV-352 APARADOR DE BOLAS DE PELOS,KV-352,25,40,69,7898070365289
RAD-11254 - CAIXA DE SOM BOLINHA,RAD-11254,25,40,69,7899085712501
RAD-9045 - MINI CAIXA DE SOM,RAD-9045,30,50,69,7908346225480
KA-395-TY CARREGADOR KAPBOM SAQUINHO TIPO C,KA-395-TY,5.5,12,69,7897544568720
SRQ-7518 - COOLER PARA CELULAR,SRQ-7518,13,25,69,7899085486778
BA-CBO-7512 - CABO 3.4A TPC 2M,BA-CBO-7512,6,12,69,7899085125219
GL18-S- - CARREGADOR VEICULAR V8 20W+25W,GL18-S-,20,35,69,7899085591069
ZJT-50007 - ADAPTADOR HDMI2HDMI,ZJT-50007,30,50,69,
BA-FON6689 - FONE DE OUVIDO BASIKE,BA-FON6689,110,180,69,
CAR-2049D - FONTE VEICULAR,CAR-2049D,5.5,10,69,
CALC-7089 - CALCULADORA ELETRÔNICA,CALC-7089,7,15,70,
YX-9106 - SAPATEIRA,YX-9106,22,35,70,
AL-8381 CAIXA DE SOM PORTÁTIL,AL-8381,60,100,70,7898807283817
SPO-30213 PACOTE DE CARREGAMENTO Á PROVA DE ÁGUA PARA BICICLETA,SPO-30213,25,40,70,7899085714758
"KK-1055 10.5"" LOUSINHA MÁGICA CASINHA","KK-1055 10.5""",22,35,70,70341183588
PEI-236BT - CAIXA DE SOM BLUETOOTH,PEI-236BT,40,60,70,7893008856471
XJ-319 GARRAFA LOVE BABY CHILDREN'S,XJ-319-GARRAFA,30,45,71,1100000107712
WB-028 FONE DE OUVIDO,WB-028,55,90,71,1000000589764
RAD-8631 - MINICAIXA DE SOM C/ ENTRADA P/ MICROFONE,RAD-8631,24,40,71,7908346248472
MOU-11180 - MOUSE C/ FIO INOVA,MOU-11180,7.5,13,71,7899085588199
CELL-11067 - BATERIA LR1130 CARTELA C/10,CELL-11067,5,10,71,7899085489830
KV-11260 POWER BANK 5.000MAH,KV-11260,30,50,71,7898070366316
PEI-223BT - CAIXA DE SOM BLUETOOTH,PEI-223BT,35,50,71,7893008856686
WU-061 GARRAFA DE ÁGUA + TÉRMICA,WU-061,35,55,72,1100000114079
CBO-5866 - CABO DE METAL MAGNETICO 3 EM 1,CBO-5866,13,20,72,7893590428698
MD-12411 POWER BANCK 10.000MAH TURBO TIPO C,MD-12411,57,90,72,7893095423631
"KK-1062 10.5"" LOUSINHA MÁGICA ELEFANTE","KK-1062-10.5""",22,35,72,70341183656
LE-2356 HUMIFICADOR E AROMATIZADOR,LE-2356,25,35,73,7908044605645
CHA-663 MINI CHAPINHA SELADORA DE PLÁSTICO,CHA-663,13,25,73,7908124253049
C-025 SUPORTE PARA CELULAR DO ASTRONAUTA,C-025,20,30,73,7898809839258
,,,,,
Produto,Referência,Preço venda,Preço revenda,Qtde,Cód. barras
FON-10035 - FONE DE OUVIDO,FON-10035,3,0,74,
BAB-661 - MAQUINA DE BARBEAR,BAB-661,25,40,74,
PENDRIVE MINI CHAVEIRO DE 32GB KV-251,KV-251-32GB,22,35,74,7898070364190
MIC-30183 - MICROFONE LAPELA IPHONE 2,MIC-30183,120,180,74,1100001700448
PEI-906 CARREGADOR 65W,PEI-906,70,110,75,7893008812637
CON-30235 - CONTROLE DE VIDEO GAME,CON-30235,170,290,75,7893095422498
CBO-20289 - CABO USB V8 1M,CBO-20289,7,15,75,7899085713003
KIT DE FERRAMENTAS KA-1128,KA-1128,20,30,76,7891755112826
WUP-759 - POWER BANK 5000MAH TURBO 20W MAGNÉTICA,WUP-759,50,80,76,7869029027596
CBO-I6 SIMPLES - CABO LIGHTNING USB CABLE,CBO-I6 SIMPLES,4,15,76,885909627417
PEI-903 - CARREGADOR 35W C+C,PEI-903,50,75,77,7893008812606
FON-6743 - FONE DE OUVIDO INOVA,FON-6743,50,80,77,7899085590086
CBO-7417 - CABO USB V8 1M,CBO-7417,4,10,77,7893590429206
KAP-H300 - FONTE X BOX 360,KAP-H300,50,80,77,
"KK-1058 -10.5"" LOUSINHA MÁGICA UNICÓRNIO","KK-1058- 10.5""",22,35,77,70341183618
RAD-6780 - MINI CAIXA DE SOM,RAD-6780,25,40,78,7899085592400
CAR-3338 USB C+C - ADAPTOR DE ALIMENTAÇÃO 50W,CAR-3338 USB C+C,20,35,78,7899085712266
BA-CBO-7511 - CABO 3.4A IPH 2M,BA-CBO-7511,6,12,78,7899085125202
KIT CARREGADOR + CABO V8 25W,KIT CARREGADOR + CABO V8 25W,8,0,78,1000001302102
CARREGADOR COMBO XAIOMI 120W TIPO C,CARREGADOR COMBO XAIOMI 120W,26,0,78,7892023041701
SPO-12546 - SUPORTE DE CELULAR PARA CARRO,SPO-12546,15,25,78,7893095423181
FON-20404 FONE DE OUVIDO SEM FIO,FON-20404,45,60,78,7899085714635
FON-30091 FONE DE OUVIDO INOVA,FON-30091,45,65,78,7899085713676
KV-7007 - FONTE UNIVERSAL INOVA NOTEBOOK,KV-7007,30,50,79,7899085585969
RAQUETE ELETRICA AVISION,RAQUETE ELETRICA AVISION,13,20,79,6970043174256
ZJT-30060 - ADAPTADOR DUPLO IPH,ZJT-30060,14,25,79,7899085590581
CAR-IPHONE X POWER ADAPTER,CAR-IPHONE X,20,0,79,
KV-11205 - MINI CAIXA DE SOM INOVA,KV-11205,30,50,80,7898070364329
BA-CBO-7510 - CABO 3.4A V8 2M,BA-CBO-7510,5.5,12,80,7899085125196
SRQ-7519 - GAMEPAD PARA CELULAR,SRQ-7519,18,30,80,7899085126896
KA-8K-3M CABO HDMI/HDMI 8K AUDIO E VÍDEO ULTRA HD,KA-8K-3M,25,40,80,
BA-FON6667 FONE DE OUVIDO BASIKE,BA-FON6667,110,180,81,7893590429770
KV-811103 - CAIXA DE SOM ALTO FALANTE PORTÁTIL,KV-811103,25,40,81,7899085593056
AL-7080-TY CARREGADOR TURBO CAIXA VERMELHA,AL-7080-TY,12,25,81,7898882708038
FON-20411 FONE DE OUVIDO SEM FIO,FON-20411,40,60,81,7899085713195
,,,,,
Produto,Referência,Preço venda,Preço revenda,Qtde,Cód. barras
KAP-370-I5 - CABO KAPBOM IPH 4.8A 1M,KAP-370-I5,4.2,12,82,7897544568058
FON-9856 - BOX FONE AIRPODS PRÓ SEM BORRACHA,FON-9856,70,0,82,
KV-1012 - LANTERNA KIVE,KV-1012,18,30,82,7899085123376
CAR-8130 - CARREGADOR VEICULAR V8 3.4A,CAR-8130,10,25,82,7908434948147
APARELHO DE EVAPORAÇÃO KA-1628,KA-1628,40,60,83,7897715916282
AL-1057 - GARRAFA DE ÁGUA TÉRMICA FECHAMENTO A VÁCUO 500ML,AL-1057,26,40,83,7898820231055
FON-20406 FONE DE OUVIDO SEM FIO,FON-20406,45,60,83,7899085713386
LE-1963 ALICATE COM AMPERIMETRO DIGITAL,LE-1963,30,45,84,7908125205870
PAQUIMETRO DIGITAL LE-6002,LE-6002,20,32,84,7908125209472
LE-23 - CABO DE FORÇA P/ FONTE DE NOTEBOOK,LE-23,8,15,84,7898605603596
KA-7052 RELÓGIO DIGITAL LED KAPBOM,KA-7052,35,50,85,7897780470528
STOP WATCH CRONÔMETRO KA-1156,KA-1156,10,20,85,7897722100827
LE-743 LUMINARIA DE MESA,LE-743,18,30,85,7908125209182
PEI-905 CARREGADOR 35W C+C,PEI-905,40,60,85,7893008812620
AL-9015-TY CARREGADOR 3.1A DE SAQUINHO,AL-9015-TY,4,10,85,8878921901537
CBO-6013 - CABO USB V8 3.4A 2M,CBO-6013,6.5,15,85,
FON-6694-BOX - AIRPODS PRÓ,FON-6694-BOX,60,0,85,
GARRAFA TÉRMICA KA-0136,KA-0136,30,45,86,7897701365988
CVB-016 - BOLA DE FUTEBOL,CVB-016,14,25,86,7908542617843
RAD-8740 - RÁDIO BOLINHA INOVA,RAD-8740,25,40,86,7899085592431
FON-8679 - FONE HEADSET PARA PC,FON-8679,18,38,86,7893590427684
JD-30 MINI RÁDIO RETRÔ ALTOMEX,JD-30,23,35,86,7898882202321
BA-CBO0091 CABO DE DADOS RÁPIDO 27W- TPC-IPH,BA-CBO0091,15,25,86,7893095511369
PEI-901 CARREGADOR 20W USB-C,PEI-901,30,50,87,7893008812583
PEI-904 CARREGADOR 30W U+C,PEI-904,40,60,87,7893008812613
LE-6617 - CABO VGA+ 3RCA,LE-6617,7,15,87,7898605602384
BUDS3 A3 - FONE DE OUVIDO,BUDS3 A3,28,60,87,7893095164367
CBO-7605 - CABO HDMI/V8,CBO-7605,7.5,15,87,7899085488994
ZJT-30059 - ADAPTADOR P2/IPH IPH,ZJT-30059,14,25,87,7899085590567
MAQ-002 - MÁQUINA DE BARBEAR,MAQ-002,18,30,88,7899085713492
AL-7912 CAIXA DE SOM PARA BICICLETA PORTÁTIL,AL-7912,48,70,88,7898823379112
CBO-5864 - CABO TUBETE 2M T-C,CBO-5864,8,15,89,7897473114593
SL6010 - EXTENSÃO,SL6010,10,15,89,7908124260283
FON-2057D - FONE DE OUVIDO,FON-2057D,23,35,89,7897373104793
RAD-9051 - RADIO INOVA,RAD-9051,23,40,89,
,,,,,
Produto,Referência,Preço venda,Preço revenda,Qtde,Cód. barras
CAR-3173S CARREGADOR 4.8 V8 INOVA,CAR-3173S-4.8A V8,11,25,90,7899085591663
GANCHO DE PLACA DE PREÇO (ATACADO),GANCHO + PLACA,8,0,90,1000000576092
PEI-P626 FONE DE OUVIDO TWS PEINING,PEI-P626,55,90,90,7893008812453
LE-6101 - MUNHEQUEIRA DE COMPRESSÃO ORTOPÉDICA,LE-6101,8,13,90,7908125209793
MZJ-12288 - MANICURE E PEDICURE LIXA PARA UNHA,MZJ-12288,15,25,90,7893095421828
CARREGADOR TRAVEL ADAPTER TURBO 30W EP-TA300,EP-TA300/D5-V,10,25,90,1000000861372
ZJT-50005 - ADAPTADOR VGA2AV,ZJT-50005,22,35,90,
CAR-0094 - FONTE TIPOC/IPH INOVA,CAR-0094 FONTE USB-C 20W,15,30,91,7893595555047
PEI-620 FONE DE OUVIDO TWS PEINING,PEI-620,45,80,91,7893008812569
KA-C013 - SUPORTE MAGNÉTICO,KA-C013,7,15,91,7897711110134
KA-990 - FONE BLUETOOTH KAPBOM,KA-990,40,70,91,7898899333513
PENDRIVE INOVA 32GB UP-12053,UP-12053,22,35,91,7899085712457
U-1233 - BARBEADOR INOVA,U-1233,50,85,92,7899085594053
ZJT-30100 - ADAPTADOR 3USB CAMERA LEITORA,ZJT-30100,26,40,92,
CARTÃO DE MEMORIA MASTERDRIVE 64GB CLASSE 10,CARTÃO-64GB,26,45,92,7893826803480
AL-C-9543 MOCHILA EXÉRCITO,AL-C-9543,50,90,92,1000001767406
CB-720/CB-763/CB-07 - MÁQUINA DE CORTAR CABELO PEINING,CB-720/CB-763/CB-07,14,25,93,7891543107638
KA-3867 - CONTROLE REMOTO TV LCD,KA-3867,6,12,93,7897723738678
SRQ-7520 - GAMEPAD PARA CELULAR,SRQ-7520,16,25,93,7899085126902
POWER BANK INDUÇÃO MAGSAFE SIMILAR,MAGSAFE SIMILAR,60,0,93,
AL-Z27 SUPORTE PARA BICICLETA,AL-Z27,35,55,93,7898813113276
PEI-85T2 - FONTE DE ALIMENTAÇÃO PARA NOTEBOOK 85W PEINING,PEI-85T2,85,130,94,7893008811364
KA-3611 - MINI BARBEADOR RECARREGÁVEL KAPBOM,KA-3611,25,35,94,
"KK-1056-8.5"" LOUSINHA MÁGICA TRENZINHO","KK-1056 8.5""",22,35,94,70341183595
PEI-45L1 - FONTE DE ALIMENTAÇÃO PARA NOTEBOOK 45W,PEI-45L1,70,110,95,7893008811333
PEI-60T2 - FONTE DE ALIMENTAÇÃO PARA NOTEBOOK 60W PEINING,PEI-60T2,75,120,95,7893008811340
KV-129 - BARBEADOR INOVA,KV-129,30,50,95,
W39-PRO-MAX - RELÓGIO INTELIGENTE SMARTWATCH,W39-PRO-MAX,110,160,95,
WUP-930 - POWERBANK 10000MAH,WUP-930,60,90,95,7869029029408
PEI-45T2 - FONTE DE ALIMENTAÇÃO PARA NOTEBOOK 45W PEINING,PEI-45T2,75,120,96,7893008811326
PEI-85L1 - FONTE DE ALIMENTAÇÃO PARA NOTEBOOK PEINING,PEI-85L1,80,125,96,7893008811371
PEI-87C3 - FONTE DE ALIMENTAÇÃO PARA NOTEBOOK USB-C 87W PEINING,PEI-87C3,110,120,96,7893008811395
LE-3094-3 - ANTENA DIGITAL P/ TV,LE-3094-3,12,20,96,7908044605171
TC-007 - APARADOR DE PELOS ALTOMEX,TC-007,13,25,96,7898815717076
CHIP CLARO,CHIP CLARO,11,20,96,7894537020739
,,,,,
Produto,Referência,Preço venda,Preço revenda,Qtde,Cód. barras
MASSAGEADOR RECARREGAVEL KA-1377,KA-1377,28,40,97,7897723072918
KA-3899 CONTROLE REMOTO SMART,KA-3899,7,15,97,7897723538995
CLIP5 - CAIXA DE SOM,CLIP5,45,0,97,
SF-008 - BALANÇA DIGITAL ALTOMEX,SF-008,17,30,97,
CAR-3115 - FONTE DE TOMADA 3.1,CAR-3115,8,15,97,7899085126247
RAD-12420 AUTO FALANTE SEM FIO POTÁTIL,RAD-12420,40,60,97,7893095423112
RAD-12416 AUTO FALANTE SEM FIO PORTÁTIL,RAD-12416,40,62,97,7893095423082
JOELHEIRA DE COMPRESSÃO AL-T30,AL-T30,15,25,98,7898823048926
LE-079 - SUPORTE UNIVERSAL DE PLASTICO PARA CELULAR,LE-079,20,35,98,7908125207201
BA-FON20355 FONE DE OUVIDO SEM FIO TWS,BA-FON20355,50,65,98,7899085713584
GARRAFA TÉRMICA COM XÍCARA CUP-12093,CUP-12093,30,50,99,7899085713416
KAP-056 MASSAGEADOR DE PÉS KAPBOM,MASSAGEADOR KAP-056,20,35,99,7897722011055
CBO-6046 - CABO USB TIPO C 1M,CBO-6046 TIPO C 1M,9,15,99,7899085489939
KA-1234 CORTADOR DE FITAS,KA-1234,18,25,99,7897723712340
PEI-PH01 - SUPORTE MAGNÉTICO PARA CARRO,PEI-PH01,25,35,99,7893008813306
HS330 - FONE DE OUVIDO,HS330,2.5,10,99,1100001302918
MIC-30182 - MICROFONE LAPELA TPC 2,MIC-30182,120,180,99,1100001428410
CAMPAINHA S/ FIO KAP-1182,KAP-1182,25,40,100,7897765925623
PEI-M518 - FONE DE OUVIDO MARCA PEINING,PEI-M518,25,45,100,7893456781363
KA-9875 FONE DE OUVIDO ROBBIT,KA-9875,35,55,100,7897700398758
PEI-J58-C - CABO DE DADOS TPC 60W 1000CM PEINING,PEI-J58-C,12,20,100,7893008814464
CX-5 - CARREGADOR PORTÁTIL MAGSAFE,CX-5,32,50,100,1000000988369
LE-042 - SUPORTE PARA CELULAR,LE-042,15,25,100,7908125200882
SF-005 - BALANÇA DIGITAL ALTOMEX,SF-005,16,25,100,
RAD-12419 AUTO FALANTE SEM FIO PORTÁTIL (EMBALAGEM TRANSPARENTE),RAD-12419,50,80,100,1000001784472
BA-CBO0092 CABO DE DADOS RÁPIDO TIPO C-TIPOC 65W,BA-CBO0092 TIPO C-TIPOC 65W,15,25,100,7893095511376
KA-2729 - MIX MANUAL,KA-2729,25,40,100,7897723082337
LE-048 SUPORTE PARA CELULAR,LE-048,10.5,15,100,
LE-019 SUPORTE PARA CELULAR,LE-019,20,30,100,
LE-041 SUPORTE PARA CELULAR,LE-041,21,30,100,
LE-5547 EXTENSOR DE HDMI,LE-5547,15,25,100,
KA-1881 LAMPADA DE LED,KA-1881,20,35,100,
KA-2HD-2M CABO CONECTOR PARA P2,KA-2HD-2M,13,20,100,
KA-C519 SUPORTE PARA MESA 360°,KA-C519,30,50,100,
KAP-X330B REPETIDOR DE SINAL WIFI 2800M,KAP-X330B,55,90,100,
,,,,,
Produto,Referência,Preço venda,Preço revenda,Qtde,Cód. barras
"KAP-2520 CASE DE HD EXTERNO 2.5""",KAP-2520,15,25,100,
HUMID-8531 HUMIDIFICADOR DE MINIBULBOS,HUMID-8531,26,40,102,7893590426489
MD-P203 - POWERBANK 20000 MAH,MD-P203,70,110,102,7899085714314
CON-7190 - CONTROLE UNIVERSAL,CON-7190,60,90,103,7897373103123
LUMINÁRIA DE PAREDE. LED SOLAR. KA-L1977,KA-L1977,18,30,104,7897741819779
CAIXA DE SOM ASTRONAUTA KA-8282,KA-8282,52,75,104,7897723882821
CAR-3117S 3.1A V8 (CS) - CARREGADOR RÁPIDO C/2 USB INOVA,CAR-3117S 3.1A V8 - CABO SOLTO,9,20,104,7899085590680
CALC-7490 - CALCULADORA ELETRÔNICA,CALC-7490,20,30,104,7899085124144
MINI KEYBOARD BACKLIT C/LED,MINI KEYBOARD BACKLIT C/LED,15,25,104,1000001140018
ZJT-20121 - CONVERSOR HDTV/VGA,ZJT-20121,12,20,104,7899085592561
CBO-20294 - CABO USB IPHONE 1M CAIXINHA,CBO-20294,6.5,12,104,7899085588601
X9 - CAMPAINHA INTELIGENTE VISUALIZAVEL,X9,70,100,105,7897723060090
SPO-8749 - SUPORTE INOVA,SPO-8749,12,20,105,7893595555207
CALC-7061 - CALCULADORA ELETRÔNICA,CALC-7061,15,25,105,
GARRAFA PLÁSTICA DE AGUA INFANTIL A-5025,A5025,15,25,106,7908575505025
KA-7039 RELÓGIO DIGITAL LED KAPBOM,KA-7039,40,55,107,7897780470399
WU-056 GARRAFA DE AGUA INFANTIL,WU-056,24,35,107,1100000134916
KA-3879 CONTROLE REMOTO PHILCO -NETFLIX,KA-3879,8,15,107,7897723738791
CAR-5245S - CARREGADOR V8 C/2 USB 3.1A INOVA,CAR-5245S,11,20,107,7899085124311
KV-2526 - LANTERNA,KV-2526,12,25,107,7899085123390
KV-420 - POWERBANK 10000MAH,KV-420,47,75,108,7898070367214
RAD-12419 - CAIXA DE SOM BLUETOOTH INOVA,RAD-12419,40,60,108,7893095422139
AL-07-3224 MOCHILA FEMININA,AL-07-3224,52,90,108,7898800732244
AL-8926 - CAIXA DE SOM ALTOMEX,AL-8926,38,50,109,7898802289265
KA-3819 CONTROLE DE REMOTO LCD/PHILCO,KA-3819,7,15,109,7897723738197
LE-2561 - CARREGADOR UNIVERSAL,LE-2561,18,30,109,7898605602247
MOU-11177 - MOUSE INOVA,MOU-11177,8,15,109,7899085588168
RAD-11256 - RÁDIO BOLINHA,RAD-11256,25,40,110,7899085712518
KA-326-TY - CABO KAPBOM T-C 4.8 1M,KA-326-TY,5.2,12,110,7895586032636
TORNOZELIRA ALTOMEX AL-T32,AL-T32,15,25,111,7898823048834
CBO-6045 CABO USB V8 1M,CBO-6045,9,15,111,7899085489946
PEI-286/V8 CARREGADOR 6.2A V8 PEINING CABO SOLTO,PEI-286-1 V8,15,30,111,7893008812330
AL-8923 - MINI CAIXA DE SOM ALTOMEX,AL-8923,32,50,111,7898802289234
CBO-7606 - HDMI 1M,CBO-7606,6,12,111,7899085489007
CBO-5995 - CABO USB 2M V8,CBO-5995,7.5,15,111,7899085126513
,,,,,
Produto,Referência,Preço venda,Preço revenda,Qtde,Cód. barras
CBO-30215 - CABO TC-TC (MAÇÃ),CBO-30215,5,0,112,
CBO-20291- CABO USB IPHONE 1M,CBO-20291,8,15,113,7899085713010
PEI-EP317 - FONE DE OUVIDO COM FIO TPC,PEI-EP317,11,20,113,7984263222146
CAR-8473-I6 - CARREGADOR VEICULAR IPHONE,CAR-8473-I6,10,20,113,7893590161991
REM-8045 - CONTROLE TV LG,REM-8045,4.5,10,113,
WU-F003-I - CARREGADOR VEICULAR 3.6A C/2 USB IPH,WU-F003-I,12,25,114,7897676540038
KV-313 - CONTROLE REMOTO,KV-313,8.5,15,114,
KV-134 - BARBEADOR INOVA,KV-134,28,45,114,7899085587444
KV-128 - BARBEADOR INOVA,KV-128,35,50,114,7899085588816
MD-5312 - RÁDIO SEM FIO ALTO FALANTE,MD-5312,15,25,114,7899085715687
AL-1037 - FONTE 12V ALTOMEX,AL-1037,13,25,115,7891755710374
KA-1066 MINI LUMINÁRIA DE FESTA,KA-1066,25,50,116,1000000228151
CAR-3298S V8 3.1A CARERGADOR RÁPIDO V8,CAR-3298S V8 3.1A,9,20,116,7899085712013
ZJT-50001 - ADAPTADOR HDMI2VGA,ZJT-50001,15,25,116,7899085712181
KV-360 - FONE DE OUVIDO INOVA,KV-360,3.5,10,118,7898070365234
A9 - CÂMERA IP,A9 CÂMERA,25,40,118,7898855711096
BA-CBO9941 - CABO USB RÁPIDO 2.4A V8,BA-CBO9941,5,10,118,7893590429596
KA-3603 - MAQUINA DE CORTAR CABELO,KA-3603,18,30,119,7891755836036
CBO-20192 - CABO USB TUBETE,CBO-20192,9,15,120,7899085594275
FAN-8517 - MINI VENTILADOR,FAN-8517,13,25,120,
LE-6110 OMBREIRA,LE-6110,22,35,120,
EL-1021 - CAIXA DE SOM ELETRO,EL-1021,40,65,121,7891123012017
CAR-3115C-3.1A TIPO C CARREGADOR RÁPIDO INOVA,CAR-3115C-3.1A TIPO C,10,20,121,7899085711535
MOU-20057 - MOUSE COM FIO,MOU-20057,7,15,122,7899085584665
CAR-3138C CARREGADOR 40W TIPO C,CAR-3138C-40W,20,30,122,7899085490713
LE-2418 - FONE DE OUVIDO,LE-2418,30,50,122,7908125207959
KV-133 - BARBEADOR INOVA,KV-133,20,35,122,7899085587420
MKL-3160S CARREGADOR 3.1A V8 CAIXA COLORIDA,MKL-3160S,10.5,20,123,7899085712402
CAR-3224S - KIT VEICULAR 20W+25W V8,CAR-3224S,15,25,124,7899085592523
KA-3821 - CONTROLE UNIVERSAL LCD,KA-3821,9,20,126,7897723738210
AL-313 - MINI TECLADO COM TOUCHPAD C/ LED (TV BOX),AL-313,20,35,126,7898806320155
CALC 7492 - CALCULADORA,CALC 7492,6,15,127,7899085124229
CBO-7570 - CABO USB DE CAIXINHA,CBO-7570,5.5,10,128,7899085486969
WU-033 GARRAFA DE ÁGUA,WU-033,25,40,129,1100000102687
LE-740 LUMINARIA DE MESA,LE-740,18,30,130,7908125209151
,,,,,
Produto,Referência,Preço venda,Preço revenda,Qtde,Cód. barras
KV-11210 - MINI CAIXA DE SOM,KV-11210,26,40,130,7898070364343
BA-CAR0048-V8 - CARREGADOR VEICULAR BASIKE V8 36W,BA-CAR0048-V8,17,30,131,7897473117471
AL-HDMI-1M - CABO HDMI 1M ALTOMEX,AL-HDMI-1M,5,10,132,7898820220103
FON-12061 - FONE IPHONE C/ BORRACHA,FON-12061,60,0,135,
CAR-G5085-TC - CARREGADOR RÁPIDO,CAR-G5085-TC,9.5,20,135,
KA-2822 CONTROLE REMOTO SMART,KA-2822,5.5,10,137,7897722228224
12V1A-5.5 - FONTE AC/DC ADAPTADOR DE ENERGIA,12V1A-5.5,9,15,137,7893582121552
CBO-7204 - CABO USB MACHO/MACHO,CBO-7204,5.5,10,137,7897373103550
JZ-6944 - FITA ADESIVA AMARELA,JZ-6944,13,20,137,
FT-3010 - TERMÔMETRO DIGITAL,FT-3010,100,180,138,1000001118611
LE-7680 - CONTROLE REMOTO DE SAMSUNG 4K,LE-7680,15,25,138,7908044604211
KV-296 - BARBEADOR INOVA,KV-296,26,45,138,7898070364756
KA-2301 HUMIFICADOR DE AR PLANETA KAPBOM,KA-2301,40,60,140,7897723060717
GANCHO 20CM,GANCHO 20CM,2.2,0,140,1000000577952
LE-525V - CARREGADOR VEICULAR V8 3.4A,LE-525V,9,15,140,7908125204491
FON-30037 - FONE DE OUVIDO IPH INOVA,FON-30037,13,25,141,7899085490638
KA-1556 - APRESENTADOR LASER CONTROLE REMOTO PRESENTER,KA-1556,35,55,141,7897723715563
FON-30038 - FONE DE OUVIDO P2,FON-30038,10,20,141,
FONE DE OUVIDO AIRDOTS C/ VISOR (SÓ ATACADO),AIRDOTS C/ VISOR,20,0,141,
FON-8685 - FONE DE OUVIDO,FON-8685,35,65,141,7893595552015
FON-12190 - FONE DE OUVIDO S10+ FON-12190,FON-12190,5,10,141,6954201904152
KV-095 - CABO TPC 1M (SAQUINHO),KV-095,3.5,8,141,7899085122980
KAP-3528WW - FITA DE LED KAPBOM,KAP-3528WW,18,25,143,
KV-8610 - FONE DE OUVIDO C/FIO E MICROFONE EMBUTIDO,KV-8610,4,10,143,7898070365807
HQ-209 - MAQUINA DE BARBEAR,HQ-209,23,40,143,
FONE SAMSUNG AKG TPC,FONE AKG,13,0,143,8806090270079
KA-2812 CONTROLE REMOTO SMART,KA-2812,5.5,10,144,7897722228125
TER-001 - ATERRAMENTO ELETRONICO TERRALUX,TER-001,25,40,144,7898905743053
WU-124 GARRAFA TERMICA,WU-124,22,35,145,1100000088929
CAR-3338-TZ USB+C CARREGADOR 50W COMPLETO,CAR-3338-TZ USB+C,24,45,145,7899085712273
"KV-20261 CASE DE HD/SSD 2.5"" USB 3.0",KV-20261,22,35,145,7899085711443
AL-6887 - MINI CAIXINHA ALTOMEX,AL-6887,22,40,146,7898871768876
"HAR-20262 CASE DE HD/SSD USB 3.0 2.5""",KV-20262,18,30,146,7899085711436
SA-1101 - LANTERNA CHOQUE,SA-1101,21,30,147,6891781111016
CHIP TIM,CHIP TIM,10.5,20,150,7899403635857
,,,,,
Produto,Referência,Preço venda,Preço revenda,Qtde,Cód. barras
GL19-C CARREGADOR VEICULAR TIPO C 45W,GL19-C- 45W,20,35,152,7899085488147
PEI-PD001 CARREGADOR RÁPIDO 20W,PEI-PD001-A,20,30,154,7893008810626
SPO-7027 - SUPORTE INOVA,SPO-7027,11,20,154,7893590164237
LE-7036 - CONTROLE REMOTO UNIVERSAL SAMSUNG,LE-7036,10,20,155,
CAR-3228S 3.1A CARREGADOR V8,CAR-3228S-V8 3.1A,9,20,156,7899085594428
CAR-3173C 4.8A CARREGADOR TIPO C,CAR-3173C 4.8A,11.5,25,156,
MOU-20056 - MOUSE COM FIO,MOU-20056,7,15,158,7899085584658
CBO-9862 - CABO IPH 2M,CBO-9862,8,15,158,7899085591151
FON-7517 - FONE DE OUVIDO,FON-7517,5,10,158,7899085126179
P2-00221 - CABO P2/RCA,P2-00221,3.2,10,158,
MIC-30113 - MICROFONE LAPELA TPC 2,MIC-30113,120,180,158,1100001698363
KAP-1001 - MOUSEPAD GAME,KAP-1001,5,10,159,8878917557106
KAP-C119 - SUPORTE P/ CELULAR,KAP-C119,20,30,160,7897720122203
SA-800/A800 - MINI TEASER,SA-800/A800,33,50,161,6891781108009
FON-30040 - FONE DE OUVIDO,FON-30040,13,25,161,7899085490584
EXTENSÃO BARRA 3 METROS FINO 2P BRASFLEX,EXTENSÃO 3 METROS FINO,9,18,161,7898331540264
PENDRIVE INOVA 8GB UP-8567,UP-8567,16,30,161,7893590427929
LE-032 - MINI TRIPÉ IT.BLUE,LE-032,8,15,162,7908044600879
CARREGADOR MOTOROLA 14X,CARREGADOR MOTOROLA 14X,23,0,165,
KAP-1181 - FONTE PARA TV BOX,KAP-1181,9.5,20,166,7897755711816
EJ-I5 - FONE CAIXA ACRILICO,EJ-I5/LUCLY,3.5,10,166,
WU-F021 TPC - CARREGADOR DE CELULAR VEICULAR 3.6A,WU-F021 TPC,12,25,167,7893008813139
MD-20441 - MICROFONE PROFISSIONAL PARA PALCO,MD-20441,16,25,168,7893095423310
PEI-PD101-C - CARREGADOR 20W USB-A+C,PEI-PD101-C,28,40,169,7893008812675
CAR-5181C-TIPO C 3.1A,CAR-5181C,10.5,20,169,7899085125127
GL19-S V8 20W+25W CARREGADOR VEICULAR,GL19S-V8 45W,20,35,170,7899085488154
MOU-20054 - MOUSE COM FIO,MOU-20054,7,15,171,7899085584696
CBO-7569 - CABO IPH 2M BASIKE PRIME,CBO-7569,6.5,12,171,7899085486938
PENDRIVE MRDRIVE MINI CHAVEIRO PLATINUM 32GB,MINI CHAVEIRO 32GB,22,35,172,7893826840010
AL-9013-TY CARREGADOR 3.1A ALTOMEX SAQUINHO,AL-9013-TY-3.1A,5,10,173,8878921901339
WU-F003-C - CARREGADOR VEICULAR 3.6A C/2 USB TPC,WU-F003-C,12,25,173,7897777650032
SPO-8682 - SUPORTE VEICULAR,SPO-8682,15,25,173,7893595552084
AL-Z13 BRAÇADEIRA ESPORTIVA,AL-Z13,15,25,174,7898855718132
5-KL-007 GARRAFA TÉRMICA 500ML,5-KL-007 -500ML,25,40,175,1000000903089
CAR-5254C 4.8A CARREGADOR RÁPIDO C/2USB,CAR-5254C 4.8A,11,25,176,7899085124786
,,,,,
Produto,Referência,Preço venda,Preço revenda,Qtde,Cód. barras
FON-7502 - FONE DE OUVIDO,FON-7502,5.5,12,176,7899085125875
LE-1853 KIT SERRA COPOS,LE-1853,14,25,178,7908125209380
ZJT-30099 - ADAPTADOR OTG IPH,ZJT-30099,10,20,179,7899085711474
CBO-20321 - CABO TUBETE IPH 2M,CBO-20321,8,15,183,7899085589240
CAR-G5087 2.4A CARREGADOR USB BASIKE,CAR-G5087 2.4A,10,20,184,7908212134045
KA-3881 CONTROLE REMOTO UNIVERSAL LCD SMART,KA-3881,7,15,184,7897723738814
CBO-20258 - CABO TUBETE DE 3M V8,CBO-20258,11.5,20,185,7899085588458
CAR-0094-TZ - CARREGADOR IPH/TIPOC COMPLETO,CAR-0094-TZ,18,40,186,7893595555054
WU-F021 IP - CARREGADOR DE CELULAR VEICULAR 3.6A,WU-F021 IP,12,25,186,7893008813122
MD-590 CARTÃO MICRO SDHC- 16GB COM ADAPTADOR,MD-590-16GB,20,35,186,7899085715755
BA-CBO110 CABO DE DADOS 27W TIPO C,BA-CBO110,7.5,15,186,7893095511314
PEI-BT04 - MOUSE COM FIO,PEI-BT04,6,15,188,7820210000040
CBO-6012 - CABO USB I6 INOVA 2M,CBO-6012,7,15,189,7899085713638
KC-Z3-V8 - CARREGADOR TURBOPOWER 30,KC-23-V8,10,30,189,1000001210261
LE-1701 DISCO DE CORTE DE TUNGSTENIO PARA MADEIRA,LE-1701,11,18,191,7908125208932
LE-1702 DISCO DE CORTE DE TUNGSTENIO DE MADEIRA,LE-1702,12,20,191,7908125208949
MD-2069 - FONE DE OUVIDO,MD-2069,6,12,191,7899085715694
JM-20437 MODELADOR DE CÍLIOS COM ESCOVA QUENTE,JM-20437,16,25,191,7893095422405
FONE IPHONE HEADSET,FONE IPHONE HEADSET,60,0,191,194252085196
LE-1705 DISCO TURBO,LE-1705,11,18,194,7908125208970
LE-1706 DISCO TURBO,LE-1706,12,20,194,7908125208987
LE-1703 DISCO SEGMENTADO CORTE EM PEDRA,LE-1703,8.5,15,194,7908125208956
LE-1704 DISCO SEGMENTADO,LE-1704,9.5,18,195,7908125208963
KA-1168 - CONTROLE REMOTO COPIADOR,KA-1168,16,25,195,7899704625410
CBO-POW-20279 CABO MAGNETICO RELOGIO E IPH POW-20279,CBO-POW-20279,22,35,195,7899085711320
DR-9 - FONE BLUETOOTH,DR-9,20,30,195,7893456781271
KV-301 - CONTROLE REMOTO,KV-301,6,12,196,7898070364947
CBO-30149 - CABO LIGHTNING USB I6,CBO-30149,6,0,197,885909627424
ZJT-20122 - CONVERSOR HDTV/VGA,ZJT-20122,14,25,197,
KV-190 - CABO USB V8 (CABO SOLTO 2M),KV-190,4.5,8,198,
FON-7500 - FONE DE OUVIDO,FON-7500,7.5,15,199,
LE-805B CONECTOR PARA P2,LE-805B,8,15,200,
KA-Z17 DIFUSOR DE PERFUME PARA CARRO,KA-Z17,32,50,200,
KA-3695 APARADOR DE PELOS DE NARIZ,KA-3695,13,20,200,
CANETA MEDIDORA KA-1281,KA-1281,12,20,203,7898810025213
,,,,,
Produto,Referência,Preço venda,Preço revenda,Qtde,Cód. barras
CBO-7556 - CABO USB TIPO C,CBO-7556,5.5,10,203,
CAR-7774/MC-207 - CARREGADOR TURBO POWER 50 MOTORLA,CAR-7774/MC-207,20,0,204,
WU-F021 V8 - CARREGADOR DE CELULAR VEICULAR 3.6A,WU-F021 V8,12,25,205,7893008813115
CVB-001 - BOLA DE FUTEBOL,CVB-001,11,20,207,7908542617690
REM-8038 - CONTROLE DVD MUNDIAL,REM-8038,3,8,207,7897373102645
KV-G37S - KIT VEICULAR 3.4A V8,KV-G37S,13,25,208,7899085584528
CVB-003 - BOLA DE FUTEBOL,CVB-003,11,20,212,7908542617713
WU-F003-V - CARREGADOR VEICULAR 3.6A C/2 USB V8,WU-F003-V,12,25,212,7897776540037
FON-6751 - FONE DE OUVIDO,FON-6751,6,12,212,
CAR-3228C CARREGADOR 3.1A TIPO C INOVA,CAR-3228C 3.1A CABO SOLTO,10,20,215,7899085594435
KA-3612 - MINI BARBEADOR RECARREGÁVEL KAPBOM,KA-3612,25,35,217,7897741836127
CAR-7410 - ANTENA DE TV INOVA,CAR-7410/ CÓD : 186,7,15,218,7893590429084
ZJT-20120 - CONVERSOR DE DVI/VGA,ZJT-20120,15,25,220,
REM-8076 - CONTROLE AR C. SAMSUNG,REM-8076,10,15,220,7897373102454
MKL-3160A - CARREGADOR IPH 3.1A (COLORIDO),MKL-3160A,10.5,20,220,
CAR-G5025-V8 3.1A CARREGADOR RÁPIDO,CAR G-5025/G40,10,20,221,7908212133994
MKL-CAR-3117-C 3.1A CARREGADOR TIPO C CAIXA COLORIDA,MKL-CAR-3117-C 3.1A,10.5,20,223,7899085590017
FON-12280 FONE DE OUVIDO,FON-12280,35,50,224,7893095422481
AL-2107D - FONTE VEICULAR COLRIDA ALTOMEX,AL-2107D,5.5,10,224,
CAR-3132C CARREGADOR RÁPIDO USB+TPC,CAR-3132C USB+TIPC,20,35,225,7899085490782
CAR-Z2-V8-TZ CRREGADOR TURBO V8,CAR-Z2-V8-TZ,10,25,225,1100000088585
KA-758-TY FONE DE OUVIDO TIPO C,KA-758-TY,10,20,225,7897797347585
EXTENSÃO BARRA 5 METROS FINO 2P BRASFLEX,EXTENSÃO BARRA 5 MF,10,20,225,7898331540271
G-002 - ADAPTADOR Y PARA CELULAR,G-002,4,8,225,
CAR-3235S V8 (CS) 3.1A - CARREGADOR RÁPIDO,CAR-3235S,10,20,226,7899085711016
WU-F003 - FONTE DE CARREGADOR VEICULAR C/2 USB 3.6A,WU-F003,10,20,227,7897654320034
AL-1001 - ANTENA DIGITAL HDTV 7898941434540,AL-1001,15,25,228,7898941434540
CAR-9017 3.1A TIPO C (CP) CARREGADOR RÁPIDO COM 2 USB,CAR-9017 3.1A TIPO C CABO PRESO,9.5,20,230,7899085124861
CAR-G5191 3.1A V8 CARREGADOR RÁPIDO,CAR-G5191-V8 3.1A,8.5,15,230,7908346247420
GL02A - 3.4A I6 CARREGADOR VEICULAR,GL02A,14,25,233,
CAR-3118C - CARREGADOR RÁPIDO TPC 3.1A,CAR-3118C,10.5,20,235,7899085590291
LE-6116 TORNOZELEIRA,LE-6116,10,15,235,7908125211154
CARREGADOR ALTOMEX AL-7080-V8,AL-7080-V8,12,0,237,7898882708014
FON-6761 - FONE DE OUVIDO CRISTAL,FON-6761,5.5,12,237,7899085125622
LE-1948 CHAVE DE FENDA TESTE DE TENSAO,LE-1948,5.5,10,239,7908125205825
,,,,,
Produto,Referência,Preço venda,Preço revenda,Qtde,Cód. barras
BL-ZJ-109 - MINI LANTERNA,BL-ZJ-109,15,20,240,7891543101094
BA-CBO-7417 - CABO USB V8 1M,BA-CBO-7417,4,10,243,7893595552909
CBO-20110 - CABO USB TUBETE,CBO-20110,9,15,244,7899085591533
KV-002 - CABO TUBETE TIPOC-1M KIVEE,KV-002-V8 TIPOC,5,10,244,7899085122126
CHIP VIVO,CHIP VIVO,13,20,245,7898593048942
KV-306 - CONTROLE REMOTO,KV-306,8,15,246,7898070364992
FON-9828 - FONE DE OUVIDO,FON-9828,5,10,247,7893595555924
ZJT-50003 - ADAPTADOR HDMI2AV,ZJT-50003,15,25,247,
CBO-12463 - CABO 1M IPH INOVA CAIXINHA,CBO-12463,7,12,254,7893095423372
FON-9808 - FONE DE OUVIDO,FON-9808,5,10,257,7893595555610
KV-013 - CABO TUBETE TIPO C-1M KIVEE,KV-013-TIPOC 1M,5,10,258,7899085122034
CELL-12079 - PILHA RECARREGÁVEL INOVA,CELL-12079,20,30,258,7899085489861
BA-FON7573 - FONE DE OUVIDO BASIKE,BA-FON7573,10,20,260,7899085488444
CAR-3115A - CARREGADOR IPH 3.1A,CAR-3115A,11,20,261,7899085711566
MD-12465 CABO DE DADOS TIPO C-1M 3.4A,MD-12465-TIPO C 1M,6,12,261,7893095423440
PEI-PD004 - CARREGADOR 20W C/ QUICK CHARGE 3.0 PEINING,PEI-PD004,17,30,262,7893008812897
CBO-20029 - CABO IPH 1M (SAQUINHO),CBO-20029,3.5,8,262,7899085585099
CAR-3202F FONTE VEICULAR USB+C 45 W,CAR-3202-FONTE VEIC USB+C 45W,15,25,262,7899085593407
LE-6104 JOELHEIRA DE COMPRESSÃO ORTOPEDICA,LE-6104,15,25,263,7908125209762
AL-8260 - COPO CONEXÃO MÚSICA COM LOGO ALTOMEX,AL-8260,60,100,264,7898823826012
BA-POW-9924 - POWER BANK BASIKE,BA-POW-9924,43,70,264,7899085590147
KAP-02 PACOTE DE LIGA,KAP-02,10,15,267,1000000896275
ZJT-50002 - ADAPTADOR VGA2HDMI,ZJT-50002,15,25,268,
B-7G - CABO FOXCONN,B-7G,10,20,269,1000000948486
MD-12466 CABO USB IPHONE 1M 3.4A,MD-12466-1M I6,6.5,12,269,7893095423457
FON-6739 - FONE DE OUVIDO,FON-6739,12,20,270,7899085124977
REM-8034 - CONTROLE DVD BRITANIA,REM-8034,3.5,6,270,
CBO-12462 - CABO 1M TPC NOVA CAIXINHA,CBO-12462,7,12,270,7893095423365
MA-863/YJ-3923 MINI MASSAGEADOR STICK,YJ-3923,4.5,8,271,6985156153401
PEI-PD104 - CARREGADOR RÁPIDO PD20W PEINING,PEI-PD104,20,30,271,7893008812927
CBO-5867 - CABO TUBETE TIPO C INOVA DE 1M,CBO-5867,6,12,274,7897473115507
LE-6102 - MUNHEQUEIRA COMPRESSAO ORTOPEDICA COM FAIXA,LE-6102,9,15,276,7908125209748
CAR-9912A - CARREGADOR RÁPIDO IPHONE 3.1A,CAR-9912A-3.1A -I6,10,20,277,7899085490492
BD-30209 SUPORTE PARA COPO,BD-30209,6,10,280,1100000115991
CAR-3236A 4.8A - CARREGADOR 4.8A DE IPHONE INOVA,CAR-3236A,11,25,281,7899085711078
,,,,,
Produto,Referência,Preço venda,Preço revenda,Qtde,Cód. barras
KV-081 - CABO KIVE T-C 1M,KV-081,6,10,281,7899085123840
CAR-9001 18W V8 CARREGADOR TURBO CAIXA LARANJA BASIKE,CAR-9001-V8 18W,12,20,284,7893595552640
CAR-9009 - CARREGADOR INOVA 4.8A V8 BLISTER AZUL,CAR-9009,11,25,284,7893595555443
CAR-8237 4.1A V8 (CP) - CARREGADOR RÁPIDO INOVA,CAR-8237 4.1A V8 - CABO PRESO,10,20,286,7908346247383
PEI-1179-IOS15 - FONE DE OUVIDO,PEI-1179,10,20,288,1000000992137
PEI-PD101-I - CARREGADOR 20W USB-A+C,PEI-PD101-I,30,45,289,7893008811500
CBO-5737 - CABO USB TIPO C INOVA,CBO-5737,5.5,12,289,7899085126681
REM-8064 - CONTROLE SAMSUNG TV,REM-8064,5,10,290,
LE-1003 - CABO DE FIBRA ÓPTICA,LE-1003,6,10,292,7898605604739
FON-9922 - FONE DE OUVIDO,FON-9922,5,10,294,7899085486181
LE-1710 DISCO DE CORTE DE FERRO,LE-1710,5,10,300,7908125209021
LE-1709 DISCO DE CORTE DE FERRO LE-1709,LE-1709,4,8,300,7908125209014
CAR-9017-TY (CS) CARREGADOR INOVA 3.1A CABO SOLTO,CAR-9017-TY (CS) 3.1A,9,20,301,7893595555504
CA-3175C-3.1A TIPO C CARREGADOR RÁPIDO CABO SOLTO C/2USB,CA-3175C-3.1A TIPO C,10,20,303,7899085590659
CAR-9009-3.1A- V8 CARREGADOR BASIKE CABO PRESO,CAR-9009-3.1A- V8 CABO PRESO,8,15,305,7893595552589
FON-30138 - FONE DE OUVIDO,FON-30138,10.5,20,307,7899085712587
MC-507/CAR-7773 - CARREGADOR MOTOROLA,MC-507/CAR-7773,25,0,309,6955246411957
WU-149 - PULSEIRA PARA RELÓGIO (38-41MM),WU-149,8,20,310,7899085715496
CAR-9011 3.1A V8 CARREGADOR INTELIGENTE C/2USB INOVA,CAR-9011 3.1A V8,10,20,312,7899085124854
TRA-30078 - ADAPTADOR,TRA-30078,12,25,312,7899085592547
CAR-5219 - FONTE INTELIGENTE 45W,CAR-5219,15,25,313,7899085592653
MKL-3160C CARREGADOR 3.1A TIPO C CAIXA COLORIDA,MKL-3160C,10.5,20,320,7899085712396
EXTENSÃO BARRA 10 METROS FINO 2P BRASFLEX,EXTENSÃO 10 METROS FINO,16,23,323,
MEIA DE COMPRESSÃO ORTOPEDICA LE-6106,LE-6106,18,25,324,7908125209786
CALC-30202 - CALCULADORA CIENTÍFICA,CALC-30202,12,20,326,7899085714970
GL08S - CARREGADOR VEICULAR C/ CABO V8 4.1A,GL08S,12,25,326,7899085591281
CAR-7772 - CARREGADOR SAMSUNG FONTE+ CABO TC/TC,CAR-7772,25,0,326,
FON-30141 - FONE DE OUVIDO IPH INOVA,FON-30141,12,25,329,7899085712594
CELL-11054 - BATERIA 9V,CELL-11054,5,10,329,7899085489243
MD-30203 - MINI MASSAGEADOR,MD-30203,7,15,330,7893095416596
CAR-3132S CARREGADOR USB+TPC40W,CAR-3132S-40W,20,35,334,7899085490799
BA-CBO111 CABO DE DADOS TPC/IPH BASIKE,BA-CBO111-TPC/IPH,9.5,15,334,7893095511321
FON-7505 - FONE DE OUVIDO,FON-7505,6,12,340,7899085125868
CBO-20290 CABO TIPO C 1M,CBO-20290 TIPOC 1M,7,15,341,7899085712990
AL-A230 - ADAPTADOR BLUETOOTH ALTOMEX,AL-A230,5,10,345,7898802302308
,,,,,
Produto,Referência,Preço venda,Preço revenda,Qtde,Cód. barras
FON-2363D - FONE DE OUVIDO INOVA,FON-2363D,3.5,10,347,7893590427356
REM-8077 - CONTROLE AR C. SAMSUNG,REM-8077,10,15,347,7897373102461
BA-CBO0030 - CABO USB BASIKE TIPO C,BA-CBO0030,6,12,350,7897473117518
BA-CBO112 CABO DE DADOS TPC/TPC 65W,BA-CBO112,8,15,353,7893095511338
CBO-12459 CABO USB TIPO C 1M,CBO-12459-TIPO C 1M,6.5,12,353,7893095423600
CBO-6023 - CABO DE DADOS 3.4 A TIPO C 1M,CBO-6023,5.5,10,354,7899085122966
KAP-V079 - CABO CONVERSOR HD,KAP-V079,11,20,355,7897743500361
LE-1816 TESOURA INFANTIL( UNIDADE) CARTELA VEM 12 PEÇAS,LE-1816,3.5,8,358,7908125207850
CBO-7567 - CABO USB BASIKE PRIME V8 2M,CBO-7567,6,12,358,7899085486921
CELL-11056 - PILHA AAA CARTELA C/4,CELL-11056,5,10,360,7899085489724
CBO-20191 CABO TUBETE TIPO C DE 2 METROS,CBO-20191,8.5,15,362,1000000398687
CBO-7137 - CABO OTG ADAPTADOR,CBO-7137,6.5,12,363,7893595554880
JYSB-12238 - CHAVEIRO INOVA,JYSB-12238,6.5,12,364,7899085715090
CAR-20378 - ADAPTADOR AC/DC 5V/2A,CAR-20378,9,15,369,
REM-8070 - CONTROLE PARABOLICA - SKY,REM-8070,4,7,371,
ZJT-30066 - ADAPTADOR TIPO C/P2,ZJT-30066,9,15,372,7899085590574
BA-CBO-9977 - CABO BASIKE 3.4A 1M TPC,BA-CBO-9977,5.5,12,374,7899085489120
CAR-5085 V8 3.1A CARREGADOR INOVA CABO PRESO,CAR-5085 V8,9.5,20,378,7908346247406
CBO-5713 - CABO V8 1M,CBO-5713,4,10,378,7893595554910
CAR-3316A 4.8A I6 CARREGADOR INTELIGENTE USB,CAR-3316A-I6 4.8A,11,25,380,7899085711733
BTMR-6315 - RECEPTOR/TRANSMISSOR DE ÁUDIO SEM FIO,BTMR-6315,15,25,381,7893590426007
KAP-1180 - CARREGADOR 12V (ADAPTADOR PARA FITA DE LED),KAP-1180,9,15,382,7898899333926
FONTE + CABO 20W USB-C C/ SELO,FONTE + CABO 20W C/ SELO,13,0,384,
PEI-EX-1203 - SUPORTE DE MESA PARA CELULAR,PEI-EX-1203,12,20,385,7890809712036
CBO-6057 CABO DE DADOS V8-2M,CBO-6057-2M,6.5,15,387,7899085126544
CELL-11058 - PILHA AAA CARTELA C/4,CELL-11058,7,15,389,7899085489748
CBO-6011 - CABO USB TIPO C 2M,CBO-6011,7,15,390,7899085713560
MD-587 CARTÃO MICRO SDHC-8GB COM ADAPTADOR,MD-587-8GB,17.5,28,393,7899085715731
KV-589 CARTÃO MICRO SDHC-64GB COM ADAPTADOR,KV-589-64G,40,65,394,1177578980467
MA-860/JD02 - TAPETE DE CHOQUE,MA-860/JD-02,12,20,395,
AL-2105D - CARREGADOR VEICULAR V8 4.8A,AL-2105D,10,25,395,8878949552117
CELL-11031 - PILHA AA INOVA,CELL-11031,5,10,398,7899085489717
CBO-5509 - CABO 3M SACO DOURADO,CBO-5509,5.5,12,398,
CAR-9002 - CARREGADOR 5.1A T-C BLISTER,CAR-9002 - BLISTER,16,25,399.5,7893595556266
PENDRIVE INOVA 4GB UP-8566,UP-8566-4GB,15,20,400,7893590427912
,,,,,
Produto,Referência,Preço venda,Preço revenda,Qtde,Cód. barras
KA-H4U HUB USB 4 PORTAS,KA-H4U,9,15,400,
VT-505M - CABO V8 1M,VT-505M,3,10,403,7892020608228
CBO-7220 - CABO DE FIBRA ÓTICA,CBO-7220,6,10,406,7897373103512
CBO-7568 - CABO USB BASIKE PRIME TPC 2M,CBO-7568,6.5,12,408,7899085486914
FON-9921 - FONE DE OUVIDO,FON-9921,5,10,408,7899085486228
CAR-9002- V8 5.1A CARREGADOR RÁPIDO C/3USB CABO PRESO,CAR-9002- V8 5.1A,11,25,409,7899085124762
LE-6103 COTOVELEIRA DE COMPRESSAO ORTOPEDICA COM FAIXA,LE-6103,15,25,413,7908125209755
KV-020 - CABO USB KIVE I6-1M,KV-020,5,10,413,7899085122706
CAR-9021 4.8A CARREGADOR INTELIGENTE C/2USB,BA-CAR9021 4.8A C/ANATEL,9,20,415,7893595553302
CAR-9002S 5.1A CARREGADOR INTELIGENTE V8,CAR-9002S 5.1A,11,25,419,7899085713447
YSK-30247 - CHAVEIRO INOVA UNID,YSK-30247,4,8,426,7893095422559
WU-150 - PULSEIRA METALIZADA COM FECHO MAGNÉTICO (38-41MM),WU-150 (38-41MM),22,40,428,7899085715502
CBO-12460 - CABO IPH INOVA (CAIXINHA),CBO-12460,6.5,12,429,7893095423594
PEI-S13-2 - CABO PARA IPHONE,PEI-S13-2,5,10,430,6970791123575
FON-6749 - FONE DE OUVIDO,FON-6749,7.5,15,431,7899085487379
CAR-5205A - CARREGADOR 3.1A IPHONE C/2USB,CAR-5205A,10.5,20,431,7899085126438
CBO-7609 - CABO MACHO/FÊMEA,CBO-7609,4,10,438,7899085489038
CAR-9012 3.1A V8 (CP) - CARREGADOR INTELIGENTE C/2 USB BASIKE,CAR-9012 3.1A V8 - CABO PRESO,7.5,13,439,7893595552572
CABO USB BASIKE BA-CBO-7416,BA-CBO 7416,4,10,439,7893595553227
WU-150-2 - PULSEIRA METALIZADA COM FECHO MAGNÉTICO (42-49MM),WU -150-2 - (42-49MM),22,40,443,1000000683264
VT-505A - CABO IPH 1M,VT-505A,3.5,10,443,7892020608334
CAR-3303S 5.1A V8 CARREGADOR USB,CAR-3303S 5.1A V8,12.5,25,443,7899085712037
JYSB-12230 - CHAVEIRO INOVA,JYSB-12230,6,12,448,1100001625123
BTMR-6314 - BLUETOOTH ADAPTADOR USB,BTMR-6314,8,15,450,7898843500046
AL-7081-V8 - CARREGADOR TURBO ALTOMEX V8,AL-7081-V8,11,20,455,7898882708113
ZJT-30065 - ADAPTADOR IPH/P2,ZJT-30065,9,20,455,7899085590604
CELL-12078 - PILHA RECARREGAVÉL AA,CELL-12078,20,30,456,7899085489854
CAR-Z7003 - CARREGADOR UNIVERSAL,CAR-Z7003,6,12,456,7897373100689
CAR-9021 3.1A CARREGADOR USB BASIKE,CAR-9021 3.1A,10,20,457,7893595553296
YSK-30245 - CHAVEIRO INOVA UNID,YSK-30245,4,8,457,7893095422535
CBO-12221 - CABO TC-TC INOVA,CBO-12221,6.5,12,458,7899085715076
AL-7081-TY - CARREGADOR TURBO ALTOMEX TIPO C,AL-7081-TY,11,20,475,7898882708137
PEI-S13-1 - CABO V8 6A,PEI-S13-1 V8,5,10,476,6970791123568
CAR-9013-3.1A V8 CARREGADOR INTELIGENTE C/2USB BASIKE C/ANATEL,CAR-9013-3.1A CABO PRESO C/ANATEL,7,15,478,7893595552688
FONE IPH TPC ZM826-02286- A,FONE IPH TPC ZM826-02286- A,18,0,479,
,,,,,
Produto,Referência,Preço venda,Preço revenda,Qtde,Cód. barras
YSK-30243 - CHAVEIRO INOVA UNID,YSK-30243,4,8,480,7893095422511
RN-06 - CONTROLE PLAY2 USB,RN-06,18,30,480,6974407800133
AH0016 - FONTE FEITUN PARA IPHONE FA0011-I5/,AH0016,3.5,10,483,
CELL-11061 - BATERIA CR2016 CARTELA C/5,CELL-11061,5,12,483,7899085489779
CBO-5741 - CABO V8 1M,CBO-5741,4,10,483,7893590429367
CAR-9014 3.1A -V8 (CS) CARREGADOR INTELIGENTE C/2 USB BASIKE,CAR-9014 3.1A -V8 CABO SOLTO,7,20,489,7893595553388
FON-9900 - FONE DE OUVIDO,FON-9900,5,10,489,7899085486860
BD-30210 SUPORTE PARA COPO,BD-30210,6,10,490,1100000116943
BA-CBO0046 - CABO DE DADOS 1M TPC,BA-CBO0046,4,10,491,7893590163513
CBO-20190 - CABO TUBETE V8 DE 2 METROS,CBO-20190,8.5,15,493,1000000400113
BA-CBO0043 - CABO T-C 1M,BA-CBO0043,3,10,497,7893590163452
CBO-7571 CABO USB DE CAIXINHA,CBO-7571,5.5,10,498,7899085486952
REM-8039 - CONTROLE SAMSUNG,REM-8039,5,10,498,
EPI-15 - FONE DE OUVIDO TPC,EPI-15,20,30,500,1000000993363
KAP-P2-V23 - ADAPTADOR P2 V23,KAP-P2-V23,4,8,500,8563484128636
LE-0153 CABO OTG TIPO C,LE-0153,3,8,500,
AL-1039 - FONTE ALTOMEX,AL-1039,10,20,513,7891755710398
FON-9919 - FONE DE OUVIDO,FON-9919,5,10,518,7899085486204
CBO-5714 - CABO IPH 1M,CBO-5714,4.2,10,522,7893595554927
FON-7516 - FONE DE OUVIDO,FON-7516,5,10,527,7899085126162
KV-018 - CABO USB KIVE V8 1M,KV-018,5,10,537,7899085122690
CBO-6098 - CABO USB I6 INOVA-2M,CBO-6098,7,15,538,7893590425086
CBO-6124 - CABO MINI TUBETE V8 1M,CBO-6124,6,12,541,7899085486075
PEI-1190-2 PULSEIRA 42/44/45/49 MM,PEI-1190-2,8,20,542,7828648821190
FON-9899 - FONE DE OUVIDO,FON-9899,5,10,549,7899085486853
CELL-11060 - BATERIA CR2025 CARTELA C/5,CELL-11060,5,12,551,7899085489762
FON-10052 - FONE C/MICROFONE,FON-10052,3,8,553,7893590163933
PENDRIVE MINI CHAVEIRO DE 64GB KV-252,KV-252-64GB,30,45,570,7898070364206
AL-C818 - ANTENA WIFI ALTOMEX,AL-C818,9,16,582,7898822028189
FON-9920 - FONE DE OUVIDO,FON-9920,5,10,588,7899085486211
CHD-30265 - PORTA CRACHÁ,CHD-30265,3,8,639,7893095422900
FON-SAM - FONE DE OUVIDO SAMSUNG ORIGINAL,FON-SAM,15,0,640,
WU-1157 - PULSEIRA COM PROTETOR 42/44/45/49 PEINING,WU-1157,8,20,644,6916818811575
CELL-11062 - BATERIA 12V CARTELA C/5,CELL-11062,9,15,644,7899085489786
CBO-20306 -CABO DE DADOS TUBETE INOVA I6 3.4A,CBO-20306,7,15,652,7899085589448
,,,,,
Produto,Referência,Preço venda,Preço revenda,Qtde,Cód. barras
CBO-7596 - CABO V3 INOVA,CBO-7596,4,10,674,7899085488918
CBO-5786 - CABO TC - TC 1M,CBO-5786,7,15,679,7893595555856
KA-327-V8 - CABO KAPBOM IPH,KA-327-V8,4.6,10,691,7895586032711
PEI-S13-3 - CABO USB TPC,PEI-S13-3,5,10,693,6970791123582
LE-0072 - CABO USB MACHO + V3,LE-0072,2.5,10,706,7898605603138
P2-1 - ADAPTADOR P2/Y,P2-1,3,6,734,7820201008123
FONTE 20W POWER ADAPTER USB-C C/ SELO,FONTE 20W C/ SELO,10,0,746,
LE-1708 DISCO DE CORTE DE FERRO,LE-1708,3,7,750,7908125209007
KV-125 - CABO 1.2M V8,KV-125,3,8,756,
CBO-5900 - CABO V8 1M,CBO-5900,4.5,10,757,7893595554682
CAR-5098S-3.1A CARREGADOR INOVA,CAR-5098S-3.1A V8,9,20,764,7899085124663
KA-5003 AB-57 - FONTE SIMPLES,KA-5003 AB-57,2.6,8,778,
CHD-30267 - PORTA CRACHÁ,CHD-30267,3,8,778,7893095422924
KV-019 - CABO USB TIPO C KIVE,KV-019,5,10,798,7899085122652
LE-1707 DISCO DE CORTE DE FERRO,LE-1707,2.5,6,800,7908125208994
P-001 - PULSEIRA PARA RELÓGIO,P-001,5,10,819,1000000638196
CBO-6007 - CABO T-C 1M,CBO-6007,6.5,12,836,7893595555382
LE-9021 - CABO DE CARGA PARA MIBAND 5,LE-9021,5,10,851,7908125206242
KA-716 - FONE DE OUVIDO,KA-716,3.5,8,851,7897544568379
KA-327-TY - CABO KAPBOM TIPO C,KA-327-TY,4.6,10,898,
CBO-6006 - CABO USB V8 1M INOVA,CBO-6006,4.8,10,937,7893595555375
KV-8605 FONE DE OUVIDO SOM ESTÉREO,KV-8605,3.5,8,953,7899085712532
CBO-5959 - CABO USB INOVA,CBO-5959,6,12,960,
LE-5596 CONECTOR DE FIBRA ÓTICA PCT C/100 PEÇAS ( VENDA UNIDADE),LE-5596,8,15,1000,7898202104182
LE-5599 EMENDA PARA FIBRA ÓTICA,LE-5599,8,15,1000,7908125209427
CBO-7382 - CABO P2 X P2,CBO-7382,3.5,8,1039,7893590426410
CAR-7771 - CARREGADOR 67W XIAOMI,CAR-7771,19,0,1042,7893095164138
D165 - CARREGADOR XAIOMI 120W TIPO-C USB LARANJA,D-165 - CARREGADOR XAIOMI 120W,21,0,1081,7893095164183
CARTÃO DE MEMORIA 16GB C/ADAPTADOR TF-CARD-8572,TF-CARD-8572-16GB,15.5,28,1137,7893590427899
J5 GH59/AB-047 - FONE DE OUVIDO,J5 GH59/AB-047,2.5,10,1204,1100012692510
CARREGADOR MOTOROLA 10X,CARREGADOR MOTOROLA 10X,16,0,1255,6955226412561
CARTÃO DE MEMORIA 8GB TF-CARD-8571,TF-CARD-8571-8GB,14,25,1269,7893590427882
CAR-0094-A2347 - IPH+CABO,CAR-0094-A2347,22,0,1358,
WU-148 - PULSEIRA PARA RELÓGIO (38-41MM),WU-148,8,20,1363,7899085715489
FON-10031 - FONE DE OUVIDO C/ MICROFONE,FON-10031,3,8,1387,7893590161465
,,,,,
Produto,Referência,Preço venda,Preço revenda,Qtde,Cód. barras
PENDRIVE ALTOMEX 32GB AL-U-32,AL-U-32,22,35,1443,8878919745327
KV-094 CABO V8 DE SAQUINHO,KV-094,3,8,1510,7899085122973
CARTÃO DE MEMORIA 4GB TF-CARD-8570,TF-CARD-8570,13,20,1586,7893590427875
CHD-30266 - PORTA CRACHÁ,CHD-30266,3,8,1592,7893095422917
PENDRIVE INOVA 32GB UP-8569,UP-8569-32GB,20,35,1677,7893590427943
KV-127 - CABO 1.2M IPH,KV-127,3,8,2378,
,,,,Totalizadores (R$),
,,,,Qtde,
,,,,Preço revenda,
,,,,Preço venda,
